N,P,K,Moisture,pH,Temperature,Humidity
65,33,69,15.93,7.63,19.14,74.81
45,17,42,29.58,6.29,30.16,60.82
29,39,36,37.39,7.57,38.03,31.09
35,6,52,28.33,7.56,40.19,39.86
65,20,40,14.94,6.72,27.0,92.56
56,42,78,11.94,7.97,39.31,43.18
56,41,37,26.54,5.0,25.36,33.67
37,13,30,32.38,6.06,35.95,61.22
34,39,94,21.5,7.06,20.72,26.69
39,27,38,16.22,5.86,32.55,67.78
41,6,42,16.16,6.67,31.05,82.45
15,40,34,22.09,5.1,20.72,25.69
36,30,30,8.79,6.89,26.93,79.42
20,27,41,22.82,6.06,41.79,53.45
35,35,45,20.57,7.55,24.98,83.03
22,29,67,20.91,5.85,26.59,55.84
49,29,67,21.92,6.86,34.54,83.01
33,5,57,24.29,5.88,21.03,31.82
36,12,67,18.85,6.22,25.01,25.51
68,43,90,31.37,5.66,39.56,33.37
58,5,58,26.68,5.32,20.67,47.2
63,19,45,17.2,7.14,39.65,79.59
38,15,61,11.17,7.81,19.61,27.6
36,34,70,23.21,6.2,38.31,74.67
20,41,34,15.41,5.97,19.6,73.22
54,26,36,28.94,5.59,32.08,55.3
47,41,72,14.7,5.01,25.3,34.21
17,37,33,12.88,5.57,31.46,55.41
17,21,31,31.58,5.06,40.72,75.82
65,12,78,34.76,7.78,34.92,62.67
57,43,79,27.58,7.51,32.8,42.79
58,35,67,22.21,5.67,26.35,70.11
73,23,38,19.89,7.51,27.72,57.19
69,15,20,22.61,7.16,18.32,81.15
69,20,64,15.38,6.76,39.11,54.02
65,39,59,35.29,5.38,35.08,35.7
24,5,76,22.48,5.83,20.15,62.79
63,42,52,19.25,7.6,31.26,72.1
42,30,91,28.52,5.23,38.09,37.0
29,19,46,15.19,6.93,21.87,38.77
15,41,34,31.92,7.98,26.3,65.39
73,21,79,33.99,7.11,36.0,64.48
29,17,22,37.57,6.78,26.01,76.06
27,10,40,19.79,5.95,36.38,36.94
54,42,58,22.68,7.17,39.82,32.06
55,44,91,13.71,7.72,21.93,81.97
16,36,55,15.27,7.21,37.34,58.01
37,21,33,35.25,7.81,23.84,84.95
19,43,34,32.39,7.88,29.67,50.89
49,27,56,32.44,6.32,24.76,61.66
33,20,34,29.27,6.13,39.07,27.14
59,18,57,35.36,6.64,41.03,45.47
48,38,31,14.66,5.16,36.27,36.26
41,10,73,13.94,5.55,29.64,37.76
20,28,36,33.54,7.52,29.46,59.61
20,27,77,8.45,6.26,19.46,93.45
42,10,40,28.6,5.53,33.06,31.66
42,33,55,8.2,5.87,24.75,44.06
73,20,21,14.74,7.57,24.62,84.62
22,34,51,13.5,7.35,33.07,92.71
16,26,34,16.06,5.32,41.87,55.48
19,7,93,28.92,7.49,24.63,58.03
59,29,41,25.36,5.46,19.82,84.79
45,39,82,26.93,7.49,30.36,84.94
61,33,64,13.17,7.55,20.82,58.84
74,20,75,10.8,5.64,23.96,34.45
33,13,71,9.02,7.68,28.63,30.04
17,11,50,12.3,5.62,32.77,44.08
39,26,63,8.44,7.84,40.13,64.15
53,13,75,35.53,6.33,37.2,91.6
43,20,69,33.18,5.83,39.93,85.34
21,18,73,37.32,6.64,29.58,90.69
69,39,73,33.37,5.72,38.71,65.29
25,9,32,24.05,7.2,30.39,71.0
60,39,82,10.75,6.83,41.93,54.04
56,30,47,32.97,6.51,32.03,87.07
31,42,62,9.66,7.1,27.04,52.88
45,40,69,21.91,5.62,28.3,43.68
26,5,29,26.39,7.13,19.63,81.04
20,29,49,10.04,6.27,23.81,48.2
26,33,72,18.88,5.89,39.83,60.92
67,26,74,25.09,7.78,37.72,53.66
19,38,66,11.45,5.29,30.86,93.02
51,37,66,27.1,6.21,18.37,59.38
27,12,39,21.52,5.27,35.17,56.72
18,16,38,18.56,6.15,30.9,65.76
22,5,89,33.56,5.22,37.58,82.17
66,25,25,37.61,6.54,34.19,35.75
60,16,80,10.24,7.0,30.05,53.9
58,19,61,8.54,5.65,40.95,28.16
74,17,93,16.21,6.65,22.43,80.46
15,25,66,21.39,5.7,21.34,42.79
23,34,31,29.62,5.97,30.99,85.04
20,5,49,8.54,5.16,40.88,35.53
21,39,78,13.9,5.92,39.94,67.88
71,17,35,17.22,6.48,36.38,34.95
16,15,56,26.28,5.75,39.56,75.06
20,37,67,30.1,5.27,33.95,78.35
33,19,69,23.41,5.96,21.63,54.53
50,25,78,13.51,5.48,29.59,76.05
65,22,36,18.15,5.25,26.13,82.01
21,15,77,25.88,7.3,23.68,39.6
43,32,35,10.93,7.19,40.06,50.38
28,30,81,28.11,7.8,31.1,67.05
37,20,41,20.1,7.49,40.13,45.03
51,27,50,12.59,6.86,33.93,90.12
43,24,84,20.19,6.72,34.53,94.24
53,19,62,18.66,6.55,32.99,93.36
22,36,25,36.8,7.22,41.8,38.91
67,37,40,31.51,5.91,26.48,81.35
66,25,46,9.24,7.68,24.68,91.91
66,36,55,26.6,5.55,32.18,76.83
30,5,30,30.46,5.12,28.98,36.64
50,15,37,36.45,5.63,26.09,39.73
68,9,40,36.59,7.13,35.17,54.67
28,15,67,20.44,6.1,31.53,88.03
41,14,44,31.79,7.85,38.57,71.92
68,9,74,21.9,6.41,35.62,29.38
52,35,51,30.9,6.83,25.89,79.15
63,18,74,15.13,5.73,23.28,92.54
18,24,62,11.93,6.98,35.33,88.2
15,13,41,11.81,7.02,39.99,46.77
44,18,94,24.66,5.06,37.41,94.4
40,38,69,8.28,5.12,26.36,62.82
20,12,42,35.17,5.43,41.32,55.55
32,40,27,25.11,7.35,18.67,48.59
61,33,52,28.25,6.31,33.07,71.4
53,39,76,37.24,7.36,23.21,36.78
70,31,31,20.03,5.9,26.94,27.35
70,16,37,22.7,7.45,19.17,28.25
22,39,61,37.47,7.55,39.55,64.83
51,27,89,9.3,7.83,34.48,38.92
53,6,21,19.49,7.96,18.38,81.22
21,29,55,36.22,5.09,24.01,68.78
37,34,42,21.93,7.59,36.41,89.7
18,5,85,35.68,7.28,30.86,50.91
32,7,64,37.01,5.67,33.83,77.22
31,31,39,33.66,5.56,30.0,43.7
36,26,58,23.71,5.27,25.98,35.65
25,23,54,24.67,5.07,19.45,70.33
61,22,79,25.31,6.45,19.06,76.47
45,38,60,31.1,7.72,20.98,57.52
57,12,82,37.62,6.1,21.99,53.98
31,11,39,37.89,5.35,30.46,68.61
32,41,72,23.96,7.99,37.09,26.55
70,13,32,22.95,5.99,20.01,34.72
50,33,42,22.37,6.64,24.47,57.18
36,16,39,23.1,5.29,29.72,82.14
59,40,68,34.47,5.74,23.82,42.2
69,10,37,26.16,6.5,29.41,80.96
33,40,75,18.21,7.39,30.27,83.01
73,6,85,13.84,6.19,36.27,50.87
21,21,40,21.13,6.13,40.5,31.87
51,22,25,23.6,6.99,25.8,32.29
72,22,88,26.4,5.5,23.84,27.6
74,15,91,32.35,8.0,27.52,84.63
35,27,75,19.16,6.64,40.02,34.86
61,23,21,24.88,7.16,24.69,61.03
44,41,43,13.79,7.08,24.16,49.43
36,39,82,24.39,6.4,37.75,29.43
32,31,93,18.99,5.73,26.18,71.0
31,23,62,25.06,5.09,40.03,27.28
54,25,68,8.73,7.14,36.03,47.07
63,6,72,20.39,6.16,26.78,47.72
32,20,39,14.02,5.21,25.49,82.99
67,38,42,12.67,6.61,29.79,50.0
37,26,67,24.68,6.85,31.91,32.15
49,42,72,27.7,6.72,31.04,29.7
71,27,56,32.07,7.55,20.01,84.88
65,13,84,37.34,5.66,31.69,47.6
47,14,89,15.36,7.43,27.64,77.37
51,28,74,30.35,6.3,20.76,43.96
18,34,27,36.38,6.89,30.75,88.45
43,21,29,18.36,7.06,27.46,84.61
60,24,41,19.2,6.45,22.69,67.76
36,27,53,31.54,5.85,24.32,71.4
53,35,25,36.65,6.02,33.88,55.14
18,28,82,14.29,6.52,29.67,87.86
17,27,36,8.7,6.27,21.37,26.83
31,30,83,28.3,7.92,30.49,84.6
73,14,30,24.78,7.78,38.94,71.69
74,14,86,24.62,7.38,38.94,52.0
38,8,75,8.2,6.53,23.32,28.8
17,36,65,22.97,5.8,35.7,80.29
31,19,68,14.86,7.49,39.31,42.3
36,32,42,12.89,6.96,23.13,47.28
45,28,66,24.08,6.05,23.73,69.83
71,39,78,10.69,6.1,23.92,29.12
62,23,57,25.76,5.83,23.73,36.69
46,35,58,10.05,5.39,39.39,71.33
28,8,89,32.94,5.38,37.01,41.26
38,33,49,12.26,6.69,41.44,74.37
61,14,62,27.41,7.19,27.46,62.96
24,20,86,8.82,5.9,39.9,62.21
43,5,29,25.54,5.43,20.89,36.06
69,15,45,26.8,7.88,21.96,67.18
56,35,84,34.15,6.52,41.48,36.63
37,39,43,22.77,6.26,19.86,89.49
38,26,80,19.85,5.96,38.36,85.47
38,37,33,28.79,7.84,24.5,75.85
24,31,74,33.83,5.51,31.17,33.79
37,31,78,37.4,5.29,33.89,30.14
64,20,54,11.97,5.41,38.53,80.68
25,30,44,18.47,7.74,31.96,52.92
62,21,54,14.07,5.79,20.9,92.03
24,31,23,13.37,5.57,27.28,35.17
60,29,93,26.45,5.96,33.92,38.79
31,10,50,30.98,5.02,30.79,84.49
29,44,61,16.32,6.81,22.89,52.41
52,25,32,32.02,7.24,29.42,75.49
50,28,66,35.27,5.12,28.35,53.53
30,8,46,13.02,5.66,30.22,40.85
69,30,86,25.46,6.65,39.92,61.89
30,20,44,14.04,6.06,41.05,45.43
53,10,75,9.38,6.03,18.48,49.73
71,32,59,28.99,5.22,32.15,25.58
64,18,43,31.59,7.85,25.22,34.8
72,15,52,23.6,5.93,21.95,62.55
42,34,72,28.53,7.37,33.7,58.65
69,10,56,19.06,6.03,32.86,76.28
53,19,52,23.61,6.05,18.09,86.79
28,8,92,19.91,6.68,22.58,56.82
39,31,32,13.32,7.53,25.11,83.94
42,15,86,18.59,6.58,19.27,42.0
22,24,34,28.2,7.71,36.14,87.7
43,39,43,32.93,6.3,32.33,62.18
54,19,47,21.06,6.96,25.68,81.3
36,15,66,13.68,7.29,28.87,72.01
56,22,82,18.79,6.58,29.58,78.18
37,39,75,32.95,6.53,38.73,66.95
59,36,75,12.59,6.84,34.98,65.33
45,37,60,26.06,6.22,29.66,45.57
56,13,74,17.97,7.7,40.8,67.57
52,17,85,21.75,5.77,19.52,46.04
15,43,45,34.84,7.27,33.95,64.43
44,32,48,16.78,7.79,23.01,94.41
59,9,25,10.05,5.94,19.49,90.9
59,20,94,12.6,5.59,30.52,94.12
70,42,65,31.05,6.48,37.49,44.24
44,30,79,29.82,6.22,31.02,70.56
68,14,35,18.21,6.2,41.4,44.23
74,7,23,36.2,7.23,31.39,86.25
43,40,35,25.07,7.36,29.11,42.65
53,13,59,22.57,6.34,30.48,70.48
25,34,63,14.13,7.35,28.49,64.26
28,30,86,22.2,7.95,23.77,44.56
29,13,68,23.96,7.71,41.57,91.5
18,33,62,16.0,7.65,21.2,42.9
28,27,72,29.37,7.67,19.54,46.18
33,34,68,30.86,6.94,29.47,60.2
38,31,40,32.75,6.71,33.49,78.75
43,13,38,35.82,6.24,34.35,34.49
67,17,22,33.16,5.39,23.26,87.77
72,12,37,24.56,7.48,18.42,29.81
47,22,61,30.15,5.92,30.96,42.91
65,40,51,16.93,6.53,27.72,69.39
34,16,44,24.42,5.85,31.65,50.43
74,5,49,27.85,6.31,36.07,89.59
62,40,82,17.47,7.69,18.65,92.39
45,30,22,32.68,5.78,35.36,38.02
56,14,41,29.02,6.32,35.18,75.14
43,17,49,25.37,5.57,22.58,71.11
60,20,88,35.09,7.45,40.59,61.85
31,22,81,11.78,5.18,25.9,46.38
48,23,70,15.18,8.0,29.34,26.71
32,44,52,13.5,6.32,26.53,31.83
24,25,28,10.02,7.22,36.03,92.92
60,6,24,18.37,6.11,40.91,70.51
18,27,23,11.63,5.41,38.71,34.63
67,43,68,36.55,7.94,35.79,81.9
37,13,39,14.14,6.15,20.15,33.68
21,5,72,19.75,7.76,23.49,80.92
58,43,42,23.9,7.31,37.53,74.93
19,36,22,17.59,6.18,24.31,57.82
16,27,63,15.65,6.17,33.99,87.08
72,28,66,16.4,6.7,25.77,50.17
29,13,24,28.38,7.86,36.63,34.47
49,39,70,28.38,7.57,21.94,81.47
19,17,51,21.04,5.12,34.63,53.83
63,32,83,17.39,6.05,24.66,74.32
48,6,35,28.65,7.11,25.43,26.1
61,42,26,12.08,7.44,38.88,43.83
40,44,38,13.85,7.14,25.12,32.67
30,23,45,31.54,7.97,18.7,40.41
41,12,34,10.83,5.1,21.78,45.13
33,33,89,11.71,6.13,24.16,92.2
46,30,72,23.11,7.56,35.27,58.15
33,16,56,33.62,7.82,38.96,59.12
66,36,23,21.32,6.13,23.21,71.58
19,35,22,29.01,5.56,33.73,71.15
38,15,55,22.06,6.14,33.5,34.44
64,7,61,32.32,6.56,19.94,63.41
26,5,65,23.1,6.74,41.2,64.7
28,41,22,13.93,6.08,20.63,79.48
39,41,50,35.41,5.87,41.86,38.52
32,18,37,32.23,7.2,23.58,26.77
37,23,44,35.58,7.15,19.6,91.73
31,9,47,30.17,6.52,23.94,90.62
45,30,51,21.02,7.77,20.26,76.72
16,11,89,33.37,5.03,28.0,83.5
71,21,93,34.0,5.91,32.77,91.19
64,35,50,15.83,7.08,34.04,55.29
65,32,47,11.62,7.11,19.55,87.11
59,26,62,21.49,5.08,31.08,85.53
19,21,71,25.92,6.49,19.5,25.34
57,16,93,13.16,5.15,29.1,32.48
45,16,38,31.73,6.33,39.33,55.06
68,33,46,12.95,6.97,18.27,82.87
74,35,63,31.35,6.83,21.54,50.93
17,22,31,27.48,6.64,23.48,84.75
27,9,37,29.27,7.54,28.64,92.69
30,28,43,8.21,5.47,35.17,78.28
23,5,54,26.84,6.89,25.08,86.39
29,25,28,18.81,7.65,40.8,72.1
62,24,26,21.51,6.27,25.65,71.75
70,22,47,27.84,7.2,36.6,86.1
58,24,34,36.99,5.34,33.42,75.27
38,26,62,13.53,7.97,27.18,83.61
26,42,82,14.6,5.66,37.34,52.02
74,28,73,28.65,6.62,26.03,66.92
19,18,88,16.46,7.58,36.45,79.96
60,6,82,36.12,7.51,37.35,56.04
23,16,30,13.42,5.95,31.94,64.02
67,26,39,15.95,7.56,28.08,48.88
69,9,55,33.67,7.63,27.22,32.24
37,7,72,14.22,6.86,28.92,26.96
53,6,48,26.32,5.12,31.56,44.51
19,21,89,28.7,6.85,27.46,89.1
71,23,34,20.45,6.44,34.27,55.38
62,10,70,17.23,6.27,23.84,90.95
22,11,66,8.73,7.91,41.91,44.05
74,33,49,37.59,6.87,31.23,44.64
53,31,68,37.35,6.92,26.38,35.33
61,23,41,21.25,7.78,32.07,64.88
15,12,75,26.21,5.19,20.08,25.94
69,26,42,36.33,6.1,18.01,41.38
41,14,82,34.52,7.04,18.98,29.86
52,7,28,15.12,7.02,37.71,90.79
55,41,91,19.38,7.47,37.51,28.87
29,32,60,25.58,7.7,26.4,84.08
63,36,57,37.67,7.81,24.36,72.73
69,10,28,32.86,5.6,33.58,42.18
70,41,68,36.75,6.18,41.56,47.87
22,26,41,36.58,5.05,28.85,40.43
47,5,66,33.62,6.57,40.69,69.64
72,8,69,18.7,5.2,35.75,46.11
42,12,37,29.94,7.05,27.56,63.79
60,14,21,29.26,6.79,30.53,72.09
62,7,28,23.41,5.72,35.71,44.62
23,41,28,21.04,7.23,36.9,90.86
17,22,47,30.04,6.56,33.71,71.34
56,30,62,28.77,5.81,26.38,74.44
74,37,40,18.28,6.85,29.96,76.82
29,44,71,9.73,7.18,32.53,56.22
67,19,56,22.69,7.42,33.26,80.0
42,25,73,21.83,6.05,28.07,34.05
16,17,44,28.57,7.77,18.95,60.66
33,10,51,14.12,7.28,32.84,38.12
34,11,30,14.86,6.14,25.95,39.56
53,8,36,10.84,5.1,23.17,66.75
71,30,61,11.6,6.02,39.87,56.86
36,44,71,14.66,7.44,21.59,84.57
72,41,80,14.52,7.18,23.58,45.98
17,8,88,15.52,7.31,20.96,86.65
36,38,27,27.7,6.93,39.39,60.07
67,41,49,19.72,6.32,37.93,87.15
41,40,68,9.78,6.35,37.12,62.27
70,17,27,35.09,6.17,19.46,49.73
64,23,37,20.01,6.67,30.01,89.28
68,29,41,37.05,5.38,25.6,28.41
58,24,46,36.58,7.26,25.49,52.67
48,18,45,16.33,7.6,20.62,91.31
33,17,32,24.48,7.41,23.87,34.66
29,19,60,30.72,7.69,19.86,32.97
74,19,45,31.66,5.36,41.54,61.26
65,12,74,35.61,7.01,37.28,80.33
49,26,82,35.87,7.31,33.18,56.52
48,23,24,15.08,6.62,35.41,70.05
50,36,69,32.08,5.83,32.64,40.44
58,28,76,18.71,6.25,28.69,54.09
55,15,83,16.11,6.66,33.14,72.81
44,37,78,19.5,6.19,20.76,72.91
45,7,75,35.63,7.62,18.18,92.55
49,29,45,34.18,7.76,30.07,28.3
36,21,24,19.15,7.35,19.77,36.62
22,26,89,26.87,7.95,38.3,46.23
68,34,23,14.08,5.76,41.87,27.41
30,21,82,32.44,6.0,30.09,85.44
60,21,58,26.31,7.06,30.57,86.5
24,28,75,33.73,6.76,38.74,80.06
37,9,71,19.99,5.15,22.57,41.96
47,16,51,27.66,7.79,26.76,56.53
62,15,71,14.22,7.34,39.3,34.23
68,8,55,24.81,7.07,40.34,33.12
22,27,46,25.16,6.52,38.09,50.66
36,6,70,25.17,6.49,18.16,58.74
43,29,64,36.26,7.66,33.54,82.73
47,13,56,34.33,7.44,31.76,77.32
40,20,49,23.39,5.07,29.73,70.08
30,27,82,15.44,7.46,24.32,80.76
30,36,80,29.54,7.63,33.11,41.4
19,40,44,27.7,5.9,33.68,57.46
26,23,27,27.9,6.88,37.11,75.2
29,15,44,12.55,6.07,27.91,73.08
72,44,76,37.7,5.64,40.27,86.96
70,11,83,37.82,7.03,38.83,87.28
56,43,25,19.53,7.3,35.05,34.03
45,14,85,37.59,7.73,30.42,79.57
59,38,74,16.53,5.31,20.64,81.81
34,20,20,30.28,7.9,19.09,70.18
60,13,88,30.76,5.07,20.15,84.99
53,31,63,36.2,7.89,25.27,60.7
41,21,53,28.38,5.92,18.29,47.77
53,10,34,35.11,6.56,18.38,27.14
17,17,27,14.55,6.55,35.73,67.86
63,44,64,36.4,5.23,20.11,34.94
29,15,26,27.01,5.31,30.13,75.79
22,43,82,17.99,6.28,25.64,39.41
20,42,87,31.78,7.72,31.37,37.43
49,25,73,29.93,6.15,22.82,33.64
19,29,24,20.47,7.53,24.29,75.77
56,44,62,22.85,5.55,38.16,84.55
55,27,57,22.91,7.22,19.74,85.7
55,40,92,16.38,6.2,40.71,59.03
47,19,48,29.14,7.87,34.29,31.61
59,38,71,27.29,6.5,36.58,38.04
59,19,32,25.7,5.39,27.41,53.92
60,19,57,34.92,5.06,18.89,51.6
24,36,39,9.74,6.12,31.13,79.36
23,34,88,27.05,7.06,34.82,75.15
68,42,20,19.06,7.69,34.47,59.28
20,18,31,11.41,7.87,25.03,39.36
64,23,76,17.72,7.15,33.13,36.17
69,20,60,28.46,6.64,18.62,48.2
69,24,41,34.83,7.3,26.59,62.27
17,8,27,27.02,6.21,26.53,52.03
22,14,53,18.81,7.62,21.49,77.6
71,16,48,30.77,6.08,19.51,32.6
17,14,80,29.12,5.83,33.37,85.36
40,25,75,26.17,5.34,40.58,32.99
45,29,87,32.42,6.02,41.13,93.73
41,31,66,25.24,5.98,41.39,56.61
63,18,85,20.82,5.56,39.35,39.7
44,37,64,33.67,7.29,31.21,86.58
57,29,42,31.34,6.03,29.67,57.32
41,33,28,37.02,6.68,18.91,41.6
33,7,46,19.66,7.09,18.19,32.47
62,40,60,19.93,5.54,25.57,41.69
53,36,87,29.09,5.09,29.45,71.82
40,33,35,29.01,6.5,29.74,60.22
52,30,64,16.97,6.27,22.81,82.64
26,32,22,22.28,5.05,25.46,46.32
42,34,77,23.49,5.33,40.57,56.59
69,21,89,30.08,5.1,22.02,65.7
65,41,65,21.75,7.02,37.13,56.75
60,33,79,24.49,6.14,28.35,58.32
41,43,45,18.28,6.78,37.82,66.13
48,14,83,33.35,6.33,36.99,54.05
49,9,55,34.59,5.94,20.57,30.01
36,40,61,33.37,6.28,38.84,54.73
25,31,46,20.57,5.92,36.75,61.72
16,23,81,15.09,5.68,24.5,73.21
28,18,76,16.14,7.0,26.24,83.35
41,6,75,11.3,7.07,22.16,47.28
24,38,36,25.21,5.06,23.62,71.6
37,39,77,32.9,7.92,22.82,67.5
22,29,90,12.21,6.33,37.55,56.74
55,32,29,34.21,7.68,33.63,59.93
17,11,24,36.88,5.97,34.3,28.71
39,10,89,15.02,5.65,19.25,29.35
54,32,88,28.83,5.53,25.73,60.07
53,44,40,20.8,6.0,32.47,91.48
47,32,23,10.69,5.75,36.98,76.47
37,38,42,11.82,5.01,33.02,32.09
33,10,76,17.84,5.18,34.56,75.37
26,21,89,35.26,5.32,28.66,80.06
62,15,24,36.04,7.05,32.25,33.63
73,13,59,14.46,5.66,18.83,91.21
36,7,81,15.75,7.82,19.35,91.07
22,25,51,24.5,6.17,41.95,37.14
39,8,87,31.38,6.22,36.69,47.35
41,7,27,21.09,6.08,35.88,25.24
54,36,21,14.37,7.43,41.81,70.6
70,11,59,21.12,7.01,29.21,47.94
46,31,20,18.02,7.36,18.42,64.68
60,25,56,19.49,5.04,19.16,59.09
29,28,69,14.96,5.84,22.01,88.99
24,18,31,14.3,7.45,37.68,78.11
55,29,69,34.03,5.21,29.58,39.04
73,5,61,23.87,7.76,41.28,73.0
23,28,83,9.52,7.51,24.02,70.84
43,5,53,29.76,7.54,18.55,88.05
57,24,64,27.32,5.23,32.71,84.15
55,42,82,37.68,6.62,37.96,30.83
48,44,45,13.98,5.0,26.36,70.75
41,17,73,37.82,5.81,37.17,81.51
62,28,24,35.67,5.15,26.58,29.14
69,9,72,19.25,5.98,20.19,48.76
51,18,81,17.83,5.67,29.15,85.92
52,38,87,34.68,6.05,31.72,83.72
67,21,38,20.69,6.03,26.41,86.48
55,20,77,26.86,5.14,31.91,94.41
16,43,75,8.3,5.47,34.5,42.73
36,18,23,22.83,7.89,26.65,76.68
48,13,21,26.7,6.89,20.73,58.91
69,33,79,20.16,7.97,28.65,62.48
20,18,86,36.64,5.5,34.15,88.48
26,16,51,28.68,7.32,37.69,59.54
33,12,91,33.22,5.99,29.38,79.86
15,33,54,25.19,6.06,37.02,51.38
68,29,83,25.31,7.43,33.66,48.19
28,15,91,28.85,7.92,24.7,44.96
40,18,88,20.73,5.52,24.01,56.49
63,18,35,23.62,6.07,35.21,25.52
36,29,80,19.01,5.44,40.95,47.25
56,6,66,22.44,6.41,24.2,31.7
30,18,45,29.63,7.81,41.24,51.62
47,19,94,36.32,5.15,23.87,41.54
16,40,64,9.73,5.29,20.96,92.14
40,7,29,22.34,6.23,33.56,77.67
45,14,90,14.03,5.66,23.85,31.14
42,10,59,36.21,6.76,41.15,30.47
58,21,56,29.01,7.87,35.28,91.06
53,9,51,11.71,7.44,23.53,62.99
61,39,55,19.08,6.17,30.13,36.82
67,42,25,23.33,6.61,19.08,68.92
73,40,51,21.14,5.09,24.0,53.53
24,29,94,15.48,7.11,28.89,83.35
35,29,54,11.95,6.44,33.51,51.45
33,33,21,24.81,7.35,41.98,44.68
46,25,71,32.46,7.32,36.55,73.63
50,41,82,9.12,5.04,31.87,55.0
40,35,26,8.43,6.84,39.57,44.59
57,31,40,28.34,7.46,31.6,90.46
42,33,37,35.08,5.22,39.05,94.15
31,19,36,18.19,5.21,31.14,41.51
35,44,54,24.16,5.55,19.15,80.0
73,12,89,22.75,5.84,20.61,30.63
31,36,58,27.4,7.38,26.46,50.17
57,18,92,18.9,7.04,21.9,38.18
68,25,72,37.14,7.18,35.37,80.68
19,22,22,35.35,6.64,37.73,39.77
57,32,25,22.89,5.27,20.2,82.82
45,11,43,35.45,6.96,29.49,60.81
21,35,38,24.38,5.93,30.18,45.6
55,40,45,12.46,5.16,30.58,92.79
41,14,60,34.03,7.23,23.59,76.12
46,24,74,28.73,6.17,35.05,40.48
36,25,91,35.93,6.66,31.25,26.73
50,25,29,36.51,5.28,23.5,53.59
61,14,51,32.44,6.35,18.25,62.19
61,28,74,15.73,7.38,22.23,56.7
31,6,67,10.52,7.36,22.69,81.57
71,6,87,9.23,6.76,18.7,31.39
31,17,91,17.65,7.16,20.02,77.74
62,32,59,18.7,6.06,20.12,86.03
65,32,73,12.58,6.3,38.23,62.24
46,22,78,24.7,5.57,34.33,73.53
48,8,60,35.29,6.21,31.07,30.0
71,23,93,17.52,7.12,21.53,60.83
24,31,54,27.72,6.61,38.73,65.25
23,28,64,15.82,7.84,23.22,57.23
33,14,37,12.3,5.55,33.72,65.84
63,23,64,21.49,6.81,31.97,77.32
25,37,63,15.34,6.6,40.28,27.23
52,40,63,28.23,5.5,18.27,40.28
42,38,65,34.05,6.94,18.87,58.3
42,13,23,13.01,6.71,29.64,91.69
48,40,73,16.99,6.71,27.37,63.49
36,6,77,30.2,6.54,27.72,64.61
55,28,92,30.57,6.08,18.21,34.78
42,38,43,17.11,5.09,40.17,48.84
47,9,40,20.05,5.93,35.5,30.41
26,28,58,9.23,6.66,23.75,72.87
33,31,88,8.13,6.18,38.84,38.86
70,44,27,18.81,7.28,41.94,29.77
17,43,55,24.83,5.74,35.22,42.27
31,35,87,21.46,5.55,28.2,40.87
30,11,38,8.65,6.44,18.15,40.94
38,36,91,22.8,5.29,33.69,79.83
36,38,59,18.09,6.22,30.06,80.07
24,37,80,19.32,5.9,41.85,28.45
61,20,64,35.41,6.67,21.09,90.64
33,19,32,17.84,7.76,22.16,78.74
64,32,68,26.35,7.66,39.35,79.71
68,13,83,14.93,6.05,35.34,86.1
73,16,68,28.44,7.06,26.6,49.74
35,31,70,10.85,6.65,24.99,52.72
40,38,64,36.54,6.41,25.82,90.18
62,28,67,13.52,6.14,26.97,71.13
35,14,42,36.24,6.63,18.84,89.2
60,39,41,25.99,6.72,20.05,50.52
54,21,58,32.27,5.35,39.37,37.51
49,12,74,9.29,6.36,33.58,77.28
44,16,25,37.9,6.19,20.67,33.42
71,26,54,12.13,7.18,38.38,48.89
35,8,75,19.0,6.12,21.33,35.11
17,29,21,21.58,6.94,21.56,72.47
21,41,83,15.3,6.02,30.35,86.01
52,39,75,23.24,7.43,21.64,71.22
64,10,52,19.13,5.5,26.52,94.31
71,8,78,29.9,6.84,40.18,71.49
58,9,88,15.38,7.82,24.9,36.7
38,19,38,18.96,5.53,33.29,33.39
57,9,91,17.04,6.65,40.24,29.43
16,13,86,36.18,6.7,39.3,69.14
31,27,90,21.43,7.5,20.26,29.75
50,38,48,12.03,6.46,38.58,85.0
24,23,31,11.9,6.63,21.03,79.88
45,14,63,19.86,5.52,23.15,68.61
72,14,54,33.85,6.49,19.1,88.72
62,27,88,16.27,6.98,20.77,29.98
66,16,84,14.38,5.16,34.98,39.22
67,42,72,25.35,6.45,23.71,67.5
24,33,89,19.59,7.84,37.52,69.74
38,25,31,22.17,6.66,37.76,67.78
49,16,92,19.87,5.23,28.17,78.36
60,19,48,15.87,5.44,21.03,59.79
67,41,82,32.43,5.01,28.05,61.08
27,28,80,23.44,6.36,33.27,50.66
62,30,43,21.64,5.85,23.39,86.49
65,33,44,15.16,7.37,20.95,79.26
15,17,69,29.2,5.72,22.83,60.02
51,24,88,32.53,5.94,22.97,66.51
55,33,56,11.46,6.12,30.46,63.0
52,15,92,33.96,5.87,40.77,61.65
61,28,54,28.08,6.41,29.37,86.8
57,11,24,23.73,7.53,24.16,35.1
42,33,43,23.6,6.38,27.45,94.58
68,28,68,35.4,6.16,22.54,58.76
21,28,92,11.12,7.32,41.13,25.64
71,43,28,35.0,7.77,35.95,71.3
69,29,40,20.45,6.24,39.59,45.68
38,14,63,35.21,6.51,19.46,30.32
70,24,76,33.59,7.64,39.19,41.63
19,22,67,17.2,5.38,39.86,39.0
69,28,79,12.99,5.05,31.67,60.86
65,9,46,30.15,7.68,20.94,51.14
50,7,30,22.02,5.6,27.85,74.0
24,33,91,33.68,6.86,27.45,56.56
20,39,22,34.43,5.43,34.81,72.08
31,14,63,28.69,7.58,39.29,32.73
42,17,56,22.13,7.66,29.74,81.76
68,12,26,31.62,7.87,29.64,94.02
51,28,28,23.5,7.56,30.54,26.64
45,42,75,32.69,5.6,21.65,90.07
65,17,52,35.36,7.5,40.15,67.42
71,9,27,22.18,6.6,23.36,39.39
39,35,38,18.9,6.8,40.13,64.74
53,33,46,10.59,6.41,37.84,60.53
55,31,35,11.22,5.29,39.67,56.16
59,9,47,12.18,6.42,25.16,34.69
67,18,89,18.19,5.04,41.82,48.79
21,39,23,25.89,7.12,34.39,86.46
20,25,77,30.58,6.27,41.66,68.4
55,7,86,30.63,7.49,20.17,54.17
27,38,56,16.07,7.17,32.49,31.65
48,6,60,34.13,7.03,37.65,65.71
53,44,84,11.45,5.54,25.59,76.01
70,35,77,16.69,6.22,33.68,88.4
30,27,70,20.09,7.8,21.86,82.9
16,37,33,10.71,5.42,27.97,82.68
29,30,41,35.8,7.16,40.94,70.27
38,36,27,21.72,6.7,30.11,67.84
26,21,60,9.63,5.35,24.66,56.01
15,18,60,9.87,6.85,36.36,42.6
37,39,23,8.57,5.41,32.04,90.08
74,21,86,13.01,6.79,18.18,31.41
54,21,61,9.69,6.2,24.59,88.78
64,9,65,29.92,7.26,30.0,76.2
70,14,40,8.63,6.43,40.04,32.4
21,33,85,31.98,6.72,31.37,35.33
74,18,66,26.0,6.87,41.14,50.53
62,15,44,21.36,6.55,27.56,61.18
29,23,32,32.18,5.79,29.45,68.76
18,28,39,33.5,6.88,33.17,70.06
23,7,23,23.93,6.83,28.91,35.53
39,18,68,26.53,5.23,37.23,55.62
70,6,56,36.54,6.91,32.08,34.61
22,18,34,22.09,7.05,34.01,76.96
38,28,31,13.64,5.38,36.21,52.51
49,23,56,28.77,7.77,35.29,80.61
22,27,85,15.27,7.54,38.88,81.64
74,38,32,9.46,6.44,41.02,42.1
57,31,82,10.91,6.08,41.3,56.92
50,16,29,14.98,6.02,27.49,87.81
15,16,73,26.43,7.91,28.1,50.76
47,19,78,17.0,5.6,36.15,50.65
64,12,65,18.72,6.74,40.47,67.9
71,28,40,21.36,6.58,20.62,94.91
44,24,94,27.53,5.29,28.88,82.72
49,17,67,32.76,5.06,40.37,92.91
51,43,85,32.08,7.54,41.49,54.34
29,39,83,13.85,5.58,40.34,40.36
32,24,34,8.87,5.02,29.58,85.84
36,24,73,29.91,7.22,41.16,49.85
33,16,37,32.09,6.99,18.14,75.67
18,26,51,12.42,7.02,22.25,49.42
41,41,94,29.29,5.17,40.45,35.61
32,34,44,36.99,6.73,40.63,90.33
65,11,77,22.01,7.68,28.77,66.52
67,12,88,10.19,5.26,19.63,82.57
73,23,40,25.43,7.27,20.82,82.76
64,37,22,32.81,6.92,31.59,76.4
54,43,62,13.08,5.39,25.9,29.83
40,37,41,11.86,7.41,40.29,58.88
53,12,25,24.98,7.01,40.43,36.52
54,27,33,8.97,7.73,35.48,51.07
62,41,72,33.87,6.45,37.99,63.57
30,7,73,15.14,5.1,27.35,79.19
52,29,33,29.9,6.7,40.35,37.77
61,41,60,15.76,7.72,33.16,57.02
34,14,39,12.08,7.42,26.42,41.93
54,32,73,19.6,6.52,39.6,43.7
37,14,34,18.71,5.43,18.0,33.43
43,37,40,15.48,6.64,37.01,48.86
21,35,32,35.39,7.54,37.63,62.51
45,42,93,26.76,6.59,26.09,74.87
40,37,38,26.0,6.48,31.66,42.0
34,43,86,21.85,5.99,37.03,59.87
58,13,81,16.54,7.45,28.97,27.25
54,35,93,24.71,7.44,36.43,91.38
21,17,41,37.16,5.57,26.56,46.12
37,32,23,29.57,5.56,28.82,35.94
38,26,92,23.21,5.34,27.68,74.61
45,22,90,21.99,6.65,39.68,93.04
51,5,50,28.78,5.53,29.28,94.7
68,17,32,24.97,6.89,30.98,56.45
18,44,32,21.05,6.38,25.42,52.69
61,27,75,24.2,5.02,28.11,92.24
60,5,43,20.13,7.63,40.75,50.35
21,7,55,31.11,6.23,19.05,42.47
66,28,94,20.62,6.83,26.32,42.36
31,20,70,16.4,6.68,22.6,81.53
67,5,56,9.54,7.48,19.8,40.27
51,37,33,19.52,7.48,22.28,27.83
64,30,55,22.56,6.23,22.55,33.32
65,33,48,12.71,6.31,35.67,57.82
59,10,34,36.08,7.61,20.63,74.5
21,5,61,36.24,6.45,37.4,29.03
31,35,90,15.26,5.73,20.19,54.81
52,36,44,8.3,6.11,23.04,41.89
70,28,83,16.39,5.03,35.43,25.78
57,19,58,14.1,5.48,33.47,28.57
71,8,65,31.95,7.96,19.5,59.39
39,9,70,8.37,5.1,27.93,37.17
68,15,49,37.24,5.95,39.05,25.84
51,30,86,26.15,5.68,20.37,93.53
19,39,83,13.56,7.58,20.58,93.84
44,18,31,19.12,6.62,39.46,33.04
53,42,22,17.04,7.88,30.5,41.98
50,11,67,21.31,6.1,35.93,36.82
27,14,25,17.78,6.43,38.06,93.36
19,21,74,34.45,7.67,39.78,73.8
72,35,40,12.93,5.2,37.18,29.68
36,31,23,9.23,6.08,39.04,30.55
60,39,50,26.68,7.0,27.3,92.09
71,44,84,21.82,7.63,36.93,53.98
18,15,93,34.35,5.9,38.81,69.65
67,9,88,12.07,7.21,31.15,26.39
28,10,29,32.1,7.24,28.22,87.36
26,23,57,11.69,5.54,21.66,75.79
25,8,80,22.37,7.61,31.21,35.23
46,5,25,29.09,6.17,32.73,76.74
42,15,42,19.09,6.72,26.02,78.34
35,34,40,28.45,7.99,36.98,86.74
33,30,63,34.06,6.63,23.21,68.12
35,18,61,25.31,7.31,25.55,62.17
61,16,80,21.19,5.19,40.14,53.73
42,20,53,32.95,7.04,22.48,42.45
53,29,53,21.59,5.43,39.34,42.56
59,30,41,31.06,7.72,22.13,33.04
46,44,78,29.22,5.17,33.23,94.17
64,11,88,36.53,5.65,29.14,79.62
23,7,73,29.8,5.03,30.53,56.56
38,32,69,16.68,6.26,37.99,82.29
31,25,47,19.47,5.16,28.95,63.05
42,17,38,9.49,7.52,29.05,27.97
26,6,83,37.86,5.21,21.97,80.66
60,20,34,11.39,7.44,25.64,60.28
51,6,43,36.34,5.46,32.51,54.9
38,23,54,13.91,5.85,40.67,26.36
51,19,52,16.31,7.58,39.75,26.84
52,17,93,11.46,6.66,33.44,41.67
68,31,46,32.7,5.44,34.41,51.26
16,10,73,37.19,5.94,28.35,27.96
32,19,93,10.82,7.26,22.86,33.47
19,42,25,8.22,7.75,35.28,79.41
50,10,88,34.8,7.49,27.54,54.73
41,12,31,37.5,5.29,26.91,76.96
73,27,20,35.78,6.65,18.89,48.6
63,19,55,37.53,7.8,29.56,46.13
24,35,83,25.68,5.95,24.58,81.78
59,39,53,36.05,7.45,20.48,29.35
16,27,42,14.45,7.04,18.33,68.48
25,9,54,22.43,6.58,20.85,81.89
33,9,68,29.45,5.92,29.29,47.48
18,36,41,34.17,5.43,32.29,44.47
39,44,62,36.37,7.15,41.21,31.11
52,5,42,14.07,6.72,32.86,76.51
53,31,30,8.19,5.65,22.56,57.78
32,34,94,18.29,6.39,26.18,45.0
23,35,76,15.95,6.55,39.33,79.26
16,24,74,9.7,7.83,18.7,45.52
35,10,83,21.68,5.23,40.92,91.26
49,13,28,36.37,6.92,23.48,33.58
70,20,39,30.75,6.93,28.26,41.89
56,40,74,21.87,7.21,36.19,50.8
21,18,82,30.64,6.41,23.51,53.33
66,41,62,26.19,5.65,18.08,27.13
39,11,81,37.3,7.01,19.78,36.4
24,17,31,27.96,6.66,35.7,30.17
43,39,65,13.39,5.91,28.1,70.21
44,40,35,22.42,7.33,36.21,64.19
41,22,79,36.41,7.55,41.57,74.76
47,34,87,8.2,7.75,23.28,86.65
49,18,23,12.92,5.65,34.54,38.97
60,6,73,37.32,7.64,35.31,85.3
55,41,53,8.73,5.47,38.72,34.13
52,32,85,14.86,7.27,33.4,58.78
51,30,37,37.76,5.38,28.36,73.71
35,21,66,10.34,7.4,37.51,80.75
32,31,44,37.63,7.73,40.99,82.37
73,10,58,28.36,5.74,39.41,59.68
27,31,94,30.24,6.43,28.6,28.15
69,12,92,24.52,5.3,33.1,69.73
57,11,41,16.85,6.96,26.23,26.24
25,24,39,37.83,6.02,24.35,80.29
52,9,20,26.11,5.42,18.63,51.25
35,25,81,29.54,7.38,38.14,48.34
22,12,36,23.15,7.94,30.87,93.07
40,6,79,11.34,6.99,34.17,62.52
22,41,71,18.08,5.15,39.01,49.62
56,34,29,12.41,5.1,34.38,45.94
63,29,35,24.28,5.6,28.32,42.64
45,20,21,37.66,7.27,30.57,92.45
29,35,84,29.72,6.17,21.41,61.66
36,23,37,32.91,6.55,19.89,66.42
33,21,80,16.61,5.09,35.41,92.23
58,17,49,27.12,7.88,30.97,35.35
44,18,32,28.94,7.94,41.46,59.75
55,17,28,11.18,7.2,40.78,29.52
30,31,37,18.44,7.8,26.38,74.91
58,30,25,23.41,6.09,33.33,36.63
33,36,71,14.95,7.53,29.25,49.66
17,13,25,10.96,6.98,35.16,54.11
65,11,52,9.39,6.87,20.07,74.94
22,22,69,26.5,5.68,22.79,35.5
32,33,79,15.42,7.25,22.35,63.78
39,39,32,19.04,6.95,18.59,45.46
56,25,42,32.93,5.97,26.35,69.9
39,14,62,21.92,5.01,19.23,65.86
68,25,33,19.88,5.82,41.95,83.45
32,14,43,27.83,7.3,36.03,45.72
50,44,59,25.08,7.77,37.32,35.95
17,30,59,14.25,6.53,39.71,28.45
43,40,34,17.73,5.51,26.76,91.34
22,31,61,20.49,5.17,40.76,76.28
50,41,48,33.23,5.85,31.09,32.65
55,12,20,32.19,6.24,36.96,40.66
49,37,86,33.25,7.31,32.02,51.43
61,25,35,32.63,6.43,26.87,34.18
54,30,65,23.23,7.03,36.04,28.85
23,39,22,36.22,5.81,30.8,49.72
51,11,29,10.09,6.7,29.2,79.13
37,28,43,32.37,7.11,22.86,52.73
28,19,29,18.59,7.13,27.24,81.02
27,6,36,34.37,5.68,19.37,77.28
29,34,81,17.22,6.45,31.04,59.54
22,43,92,18.71,7.28,33.61,78.37
40,11,89,14.68,6.0,31.6,64.88
18,40,47,21.09,7.04,41.04,42.7
18,24,49,10.77,6.49,29.2,58.73
70,43,32,17.36,5.82,26.38,70.19
21,15,56,31.62,5.6,29.75,91.05
15,15,27,33.56,5.74,40.01,45.45
34,12,42,30.24,5.89,37.23,38.24
48,17,92,24.97,6.67,26.13,85.84
56,36,34,27.7,7.33,34.14,77.99
46,29,80,25.92,7.72,27.24,53.07
62,6,79,19.04,7.1,20.31,47.88
42,28,76,17.38,5.29,36.64,75.65
30,19,77,29.03,6.22,29.32,32.12
63,9,39,34.16,6.17,23.87,33.52
30,32,21,16.93,7.46,41.76,74.93
28,5,35,16.84,5.1,32.89,60.86
42,20,69,17.2,7.29,24.46,57.65
54,33,68,28.71,5.87,18.99,26.59
22,15,89,13.99,6.17,29.41,58.79
59,41,35,10.82,6.99,29.4,30.42
38,42,62,28.45,5.2,33.75,29.66
29,6,84,8.13,5.8,23.67,76.37
56,37,33,23.21,6.16,40.63,31.88
22,17,49,36.19,6.9,26.54,34.77
31,7,94,35.1,6.91,19.11,85.62
36,5,68,31.82,5.44,39.59,79.95
56,9,74,36.69,7.63,41.02,36.72
31,37,53,23.44,7.01,24.46,88.94
64,10,37,25.17,7.84,26.14,64.07
58,42,78,25.15,6.17,25.14,94.73
55,28,74,30.04,6.14,35.88,86.38
65,23,74,19.92,7.69,32.94,74.53
15,44,51,29.43,7.94,23.07,29.76
64,7,81,34.6,5.94,40.85,63.91
43,8,72,9.31,7.41,33.62,45.19
64,32,25,32.81,7.97,25.56,73.51
74,15,34,31.33,5.92,30.02,44.83
41,14,42,21.64,7.55,22.16,28.34
17,26,35,34.56,5.78,23.64,64.22
49,9,60,17.92,5.45,24.33,64.79
74,27,22,18.91,7.1,38.41,54.73
19,38,29,18.12,7.44,18.96,88.67
53,9,37,12.4,6.05,38.28,72.51
47,21,69,25.3,7.85,28.47,27.69
28,43,62,17.82,6.45,39.73,94.84
63,36,28,32.53,5.55,30.48,41.55
28,23,49,23.24,6.12,37.9,35.3
30,27,28,35.68,7.21,35.32,26.06
42,38,46,26.35,7.63,20.97,37.99
72,28,81,23.49,6.53,31.79,40.95
19,6,38,37.78,6.15,35.12,67.28
36,16,88,8.52,6.53,27.75,54.05
63,30,91,20.5,6.6,30.53,42.18
18,37,88,9.7,7.36,28.84,90.32
64,31,78,33.18,7.06,34.42,55.21
61,27,83,8.94,5.75,18.73,84.51
17,5,70,23.63,5.85,18.05,46.24
31,31,62,28.85,5.99,31.33,47.2
71,7,64,29.29,7.45,22.55,74.11
71,41,39,37.92,7.09,31.21,93.71
60,24,73,12.99,7.56,22.32,40.64
40,42,66,28.58,6.2,41.82,71.14
17,10,37,10.77,5.81,19.72,30.71
20,29,58,15.82,5.85,26.94,55.41
43,34,56,15.29,6.03,25.98,48.09
26,21,72,30.07,7.23,25.94,42.27
17,20,57,29.29,7.68,24.7,36.91
63,23,24,14.76,5.93,23.98,35.03
39,44,40,13.08,5.22,32.14,91.54
62,18,52,22.05,7.97,37.19,54.62
32,44,75,10.92,5.19,33.46,33.44
16,5,43,17.28,6.92,25.69,63.33
54,8,69,16.82,7.87,20.99,69.56
67,34,84,31.25,6.99,21.89,43.26
25,10,25,24.57,7.15,33.24,50.89
37,26,77,36.51,6.64,23.99,69.56
52,9,32,16.0,5.91,22.84,56.0
19,31,52,26.64,7.81,37.15,35.16
27,15,46,27.26,5.85,18.06,76.67
48,5,64,16.86,5.72,26.14,55.96
63,34,44,13.6,7.34,23.03,47.5
40,5,83,14.74,6.02,25.49,66.31
30,10,57,37.01,6.77,39.67,57.98
33,17,72,10.93,6.15,19.03,29.8
42,22,66,32.24,6.43,29.15,75.78
21,40,61,15.09,6.12,31.08,66.19
41,44,41,29.08,6.27,23.97,49.25
20,21,26,31.99,6.82,33.28,51.33
65,32,94,13.94,6.87,29.84,65.3
27,11,87,13.46,6.05,30.53,80.56
57,26,48,12.76,8.0,25.94,93.51
63,15,47,33.8,6.24,29.75,46.37
32,28,88,19.3,5.73,21.87,92.49
48,11,91,16.54,6.72,26.05,53.88
35,16,51,28.17,6.07,38.8,88.34
16,14,92,33.83,6.97,25.12,54.85
65,33,46,17.77,7.69,29.92,91.02
35,36,89,17.83,5.7,30.87,73.55
58,21,20,11.88,7.17,29.45,85.74
42,35,69,20.14,7.12,19.2,84.48
47,20,47,35.04,5.93,41.4,83.43
15,39,54,14.97,6.94,31.37,59.51
54,18,38,28.96,6.29,22.04,71.98
57,36,28,22.55,5.2,40.89,26.88
44,40,33,28.33,7.06,24.62,69.92
20,31,87,21.55,5.81,28.08,56.73
15,44,24,22.87,6.78,22.37,52.36
58,43,50,24.39,7.32,19.52,72.72
61,38,60,12.47,6.16,38.31,56.36
56,27,51,22.26,7.78,39.81,29.45
70,6,77,26.76,6.08,20.44,79.21
23,34,77,35.17,7.62,19.07,54.72
47,43,32,31.24,6.47,26.86,50.61
16,39,62,14.88,7.13,19.88,61.35
15,10,27,20.54,7.66,18.08,49.34
55,38,49,16.88,6.67,25.5,79.92
64,9,59,22.26,6.09,36.82,79.36
30,36,82,29.61,7.53,20.89,47.13
38,44,38,16.67,7.64,34.32,44.11
37,26,76,33.62,7.55,36.18,45.87
49,7,37,19.52,6.8,29.21,85.28
56,9,41,21.55,6.38,25.22,62.67
45,17,74,25.61,6.37,20.21,39.84
20,40,55,11.98,5.84,30.57,52.31
56,38,41,16.07,6.02,34.49,72.72
74,28,49,9.59,6.55,38.23,70.29
68,22,78,27.5,5.45,20.25,71.74
50,27,93,19.05,5.17,30.1,65.5
20,34,48,8.23,6.25,27.54,42.27
15,31,23,25.1,7.97,37.53,28.74
42,22,65,34.11,5.73,33.86,58.62
15,34,72,8.75,7.9,36.96,49.29
20,10,66,17.42,7.63,33.7,91.05
74,35,92,15.81,5.8,33.25,69.08
53,7,87,27.65,5.78,22.89,64.65
72,16,64,19.58,5.3,22.34,58.81
48,20,63,10.31,7.98,35.33,87.24
24,34,39,12.27,6.66,28.28,92.71
21,28,87,21.84,7.66,25.93,77.41
15,22,78,30.7,7.83,38.44,43.8
35,20,44,33.32,6.49,41.37,91.9
66,37,55,23.46,5.71,40.69,32.46
67,28,94,11.13,5.06,31.98,84.7
53,44,31,27.21,5.99,29.8,62.67
18,29,26,24.15,7.16,34.03,71.42
60,23,20,25.07,6.38,28.66,84.53
36,43,76,35.19,5.48,27.57,65.59
53,44,91,33.66,5.59,39.96,56.28
25,23,66,15.17,5.11,20.52,61.72
59,5,35,29.5,7.61,39.68,67.83
52,43,76,15.02,7.85,41.0,71.03
31,22,36,17.31,6.02,28.98,85.3
60,18,54,16.5,5.98,27.05,85.97
35,36,87,24.32,5.74,37.68,82.18
17,39,23,37.4,5.9,41.21,53.23
25,30,83,16.52,7.92,35.27,64.54
44,25,83,17.61,7.52,39.05,48.52
48,11,75,20.53,6.48,40.59,49.9
25,34,77,31.96,6.63,38.78,29.64
25,25,61,37.99,6.32,34.46,34.34
73,18,72,14.29,6.67,38.96,40.79
39,12,78,26.34,6.88,34.7,28.55
21,22,54,33.75,5.99,35.39,89.82
57,16,87,12.81,7.62,22.99,50.36
23,40,30,36.01,5.77,30.59,92.84
26,28,39,24.0,7.72,21.64,44.88
60,44,59,25.19,5.32,41.53,39.82
34,20,71,34.48,6.85,37.93,85.96
29,6,30,35.84,7.32,31.75,80.52
48,10,87,29.09,7.12,19.79,37.39
50,21,29,14.32,5.07,20.82,35.25
51,22,39,23.16,7.23,19.78,82.11
44,31,54,11.5,5.58,40.69,41.71
69,39,75,22.01,5.66,21.04,30.73
36,28,71,34.14,7.09,21.68,80.61
25,34,93,25.12,5.94,35.44,93.25
41,28,94,37.48,6.98,27.41,81.33
63,23,82,9.62,5.82,27.93,28.51
74,31,60,13.07,6.02,39.1,27.56
44,29,40,28.44,7.0,19.42,50.43
38,5,28,34.92,6.34,23.89,63.15
73,40,70,24.44,5.19,24.92,66.33
65,13,93,16.98,6.99,30.79,66.86
65,20,57,23.86,6.6,23.98,77.95
33,30,72,11.11,5.9,18.38,44.63
59,19,63,31.02,6.85,28.93,36.27
29,28,94,16.01,7.39,40.54,65.47
66,21,38,31.43,5.57,26.3,53.22
30,39,87,13.39,5.89,22.87,85.88
60,40,48,35.95,7.48,28.9,39.76
22,16,71,32.28,5.86,19.8,44.71
19,44,62,32.18,6.83,31.73,62.05
25,11,50,12.98,7.34,39.77,94.41
40,17,57,14.05,7.14,23.65,89.99
70,16,75,19.15,5.16,27.87,25.68
18,34,81,32.41,7.06,21.93,32.64
57,6,80,20.2,5.64,29.64,63.0
24,32,62,16.5,5.96,31.34,32.95
63,7,44,25.37,6.1,20.58,67.32
67,9,30,34.26,7.01,30.6,55.75
20,29,68,28.36,5.62,37.24,31.52
56,33,60,14.25,7.2,22.83,60.75
21,28,44,28.37,6.77,18.64,89.69
41,16,22,27.23,5.87,20.61,81.57
41,44,74,8.32,5.56,39.38,45.97
21,13,38,8.54,6.99,38.89,28.03
73,25,73,12.74,6.19,20.42,72.8
73,44,24,18.87,7.67,21.95,79.2
74,37,88,24.17,6.15,26.84,71.67
72,8,22,27.94,5.55,22.61,85.0
60,33,57,23.7,5.69,28.01,26.15
18,31,55,18.1,6.25,36.11,33.02
24,16,59,32.3,5.24,33.1,46.69
32,15,56,8.72,6.45,38.9,36.06
73,35,39,31.82,5.1,38.59,74.14
56,21,28,10.76,7.45,23.92,35.72
32,23,60,19.61,7.37,40.77,65.38
68,32,29,29.02,6.56,36.79,67.4
30,26,43,27.76,5.87,33.61,57.56
44,15,37,24.57,7.75,38.9,55.4
36,39,79,11.48,7.61,27.88,62.75
41,28,39,17.88,7.09,26.91,47.6
16,17,32,33.27,7.36,18.13,54.16
44,24,71,14.86,7.72,27.4,73.93
65,37,88,23.62,5.84,32.34,66.23
23,35,72,15.01,6.27,22.14,47.37
51,34,68,27.12,5.16,24.75,94.54
49,40,77,26.81,5.46,32.77,56.89
56,17,85,31.9,5.75,39.09,32.39
58,43,91,24.37,7.48,19.47,81.42
41,8,50,31.84,6.78,41.38,47.94
17,28,81,29.65,6.48,20.82,62.34
60,10,73,19.42,6.89,21.86,64.54
36,14,73,15.48,6.95,36.55,88.0
24,30,41,35.57,5.93,24.04,53.05
74,17,37,24.44,5.61,37.23,61.35
46,26,83,21.01,5.4,28.06,77.88
34,29,39,23.51,5.43,25.86,85.73
25,25,37,9.42,6.49,29.81,41.86
23,11,35,26.93,6.42,22.73,50.23
65,16,70,33.08,5.81,29.71,75.28
53,23,25,15.88,6.5,29.36,42.15
46,27,31,28.76,6.56,38.97,55.58
34,36,93,8.22,7.5,22.54,72.68
55,22,91,17.95,5.77,26.13,45.11
32,10,50,28.55,5.29,36.59,45.79
17,41,70,28.19,5.88,37.12,46.85
45,15,25,12.69,5.08,29.64,27.7
15,24,82,28.36,5.56,37.43,56.59
58,15,89,31.43,5.01,32.03,46.87
23,18,92,28.9,7.41,40.28,37.82
61,18,87,29.69,7.38,31.65,92.92
55,36,49,13.74,5.65,41.86,51.28
64,44,33,30.39,5.9,37.75,89.06
48,5,76,17.82,5.48,38.47,94.24
34,43,89,32.58,7.75,20.03,39.35
58,21,94,31.17,6.0,40.11,69.02
73,25,30,14.48,7.91,23.23,70.19
72,21,70,8.46,5.14,28.06,28.01
64,15,31,14.04,6.49,39.68,66.37
37,5,22,32.97,7.92,22.75,74.63
25,28,70,16.01,6.77,20.53,37.34
25,24,23,17.38,6.44,20.37,52.13
60,16,42,21.77,7.0,26.7,40.4
42,10,42,23.26,6.04,31.03,61.3
48,25,77,14.52,6.87,33.31,90.19
28,12,90,36.55,6.73,40.62,82.85
20,39,64,12.63,7.05,25.04,46.4
45,41,81,8.9,6.22,29.02,41.4
53,19,92,17.44,7.98,41.06,63.55
19,27,66,10.14,6.99,40.33,69.61
57,13,22,13.79,6.06,39.89,56.93
50,44,72,18.39,7.8,28.06,53.37
73,25,67,14.56,6.05,19.68,54.7
44,13,63,15.7,7.17,24.5,37.66
29,14,88,10.81,5.73,23.0,31.32
49,17,43,27.91,6.88,24.82,55.87
56,43,74,29.03,5.79,20.56,33.63
51,23,31,26.68,5.62,34.57,42.97
24,30,82,17.35,5.33,37.67,89.83
40,28,66,22.15,6.63,35.61,59.85
66,28,82,19.23,5.13,40.17,83.08
65,39,87,20.53,5.86,32.07,76.04
22,31,79,22.61,6.01,22.37,53.62
66,43,92,31.01,7.4,21.07,28.12
17,33,72,29.09,6.67,40.61,36.51
68,14,43,9.81,7.08,23.79,45.49
66,42,24,34.49,5.69,31.43,35.31
33,33,45,30.81,5.18,26.26,28.95
73,9,44,18.31,7.11,32.65,80.13
73,29,89,36.62,6.54,21.96,41.75
56,31,59,36.46,8.0,22.17,89.65
70,13,66,26.19,7.62,20.62,36.25
44,11,55,37.22,6.18,30.89,69.09
48,22,62,30.05,7.32,20.53,67.55
55,37,52,30.43,5.25,20.43,25.96
19,17,40,17.0,7.09,37.37,80.88
48,20,41,13.9,6.3,31.72,40.43
68,40,68,23.65,5.63,32.4,53.96
48,26,60,15.39,7.06,29.9,36.52
32,25,73,16.04,5.43,29.64,88.88
69,29,53,18.88,6.6,31.29,61.18
15,19,62,32.7,6.21,32.35,92.75
33,30,31,16.64,6.25,38.83,88.56
34,9,41,31.34,5.12,26.23,77.88
29,19,40,8.11,6.21,35.56,62.95
46,32,31,11.19,6.1,18.05,79.26
31,43,80,11.44,5.39,33.55,84.15
56,19,67,20.48,7.21,29.62,29.01
32,27,91,18.28,5.36,26.98,77.57
73,31,89,23.44,6.97,32.63,64.01
41,20,53,26.52,5.75,40.67,57.96
47,6,28,32.24,7.93,30.76,88.9
50,15,45,22.51,5.57,28.8,48.38
48,44,69,13.39,7.32,24.16,29.44
44,22,21,35.69,7.54,23.44,83.88
38,30,22,36.95,7.57,20.23,61.48
55,35,88,9.02,7.57,27.92,43.36
37,38,57,17.8,6.67,31.34,51.3
47,6,20,25.18,7.53,36.66,43.35
31,18,38,23.86,6.87,19.98,77.42
71,35,49,10.55,7.25,36.81,39.97
53,40,20,22.91,7.88,25.71,70.12
18,21,28,13.57,6.79,34.98,81.63
49,9,36,13.35,6.4,30.19,77.38
52,15,65,9.93,6.48,19.06,30.03
53,30,58,20.91,7.29,32.65,89.8
27,26,53,15.04,6.44,21.67,64.99
65,38,37,27.65,7.14,21.2,49.09
66,14,42,10.37,5.71,38.49,64.01
68,17,40,27.5,5.37,32.45,94.24
48,17,20,24.76,5.13,26.04,79.7
64,37,79,32.44,6.06,21.51,33.48
50,17,56,25.83,6.76,27.36,53.59
30,5,91,19.48,6.8,40.31,88.75
35,8,67,36.33,5.64,18.03,43.22
46,19,80,25.02,5.23,37.6,80.04
21,23,90,26.09,5.3,29.61,61.21
65,42,42,36.32,5.88,38.57,69.45
28,31,50,35.92,7.89,29.98,46.88
19,44,33,17.72,8.0,27.98,57.32
47,19,28,21.43,6.41,37.92,48.6
62,11,71,11.75,7.74,24.7,82.76
62,43,58,31.82,7.4,35.79,55.69
43,33,52,8.96,7.68,22.22,83.39
64,16,62,34.18,6.02,41.69,30.27
57,20,91,36.85,6.71,20.47,28.2
53,19,61,37.29,5.55,27.24,39.78
18,36,21,25.55,5.06,32.16,90.79
16,8,23,23.67,5.29,33.69,71.25
57,26,46,25.59,6.67,34.56,42.91
54,11,34,24.23,5.82,27.85,84.63
64,13,87,15.45,7.79,26.31,68.13
57,44,59,16.13,6.98,27.34,36.46
62,14,30,28.18,7.0,41.98,65.25
21,12,25,12.11,7.75,21.12,83.64
24,37,32,36.63,6.18,26.17,52.29
21,19,44,22.73,5.65,27.82,89.95
43,35,24,35.84,6.96,35.45,56.77
38,14,54,9.13,6.81,21.26,52.93
29,19,29,35.39,7.19,31.5,35.39
20,12,50,28.19,7.43,36.08,63.02
20,33,70,34.87,6.99,29.2,27.92
65,36,72,35.31,7.11,20.56,75.04
69,33,60,19.61,7.73,24.54,85.49
43,39,72,24.54,7.09,36.73,62.83
67,18,53,18.81,6.93,25.57,92.08
58,19,53,34.3,5.42,31.14,85.36
74,10,66,32.58,6.79,40.57,84.61
42,41,58,20.4,6.39,19.01,26.24
49,38,78,26.53,5.82,18.36,41.48
66,38,90,31.34,6.22,40.74,74.2
62,11,93,28.06,5.89,34.76,74.67
21,33,77,23.14,7.6,26.92,94.82
20,27,29,35.39,5.38,37.07,57.29
35,38,87,35.52,5.92,21.2,27.1
31,38,79,29.34,7.31,38.85,69.86
38,18,38,36.57,7.76,19.3,69.76
27,32,29,11.93,5.76,39.94,55.96
16,38,61,20.17,6.61,40.71,79.89
21,33,31,27.35,6.45,30.39,32.91
34,43,48,31.12,7.58,36.28,60.01
65,18,71,9.03,5.8,37.6,26.39
50,38,84,27.73,6.66,40.21,70.3
56,8,79,25.47,7.9,23.72,70.92
35,9,68,35.51,5.9,20.62,75.6
19,11,82,20.53,5.17,18.37,61.78
59,14,55,28.67,6.34,22.45,30.31
60,6,37,36.02,5.18,37.42,82.2
34,32,91,32.82,6.68,32.71,33.23
46,35,94,30.26,6.51,35.35,72.58
42,32,64,37.6,6.98,26.28,71.17
57,44,88,26.38,7.67,19.84,50.48
31,35,25,32.39,7.25,40.6,69.78
66,24,90,37.66,6.43,23.51,55.9
44,33,40,31.4,5.7,34.91,86.9
66,11,55,32.85,7.45,20.62,54.92
23,37,86,15.09,7.6,29.8,46.38
21,29,93,24.3,7.02,21.49,44.27
55,17,34,17.89,6.52,23.97,80.59
28,12,49,29.42,6.77,40.03,55.52
56,44,28,12.94,5.22,34.56,29.68
47,17,85,13.47,7.52,22.74,85.2
16,24,61,21.01,5.18,37.47,71.33
74,6,20,20.69,5.28,39.27,32.24
53,11,81,31.73,7.27,22.76,45.4
52,35,55,19.59,5.48,41.28,62.62
55,14,89,36.05,6.16,32.52,70.46
64,41,78,32.48,7.88,26.81,65.82
26,5,30,20.73,6.67,40.01,49.29
32,20,28,33.06,5.39,25.86,67.96
50,25,92,21.21,7.0,28.46,82.07
20,22,44,37.08,5.22,18.07,55.08
66,10,88,20.81,6.7,27.74,76.07
63,25,22,18.62,7.16,29.97,68.03
69,21,22,35.15,5.3,20.83,40.18
42,7,79,9.99,5.13,18.39,81.64
28,39,74,21.9,5.83,18.44,91.56
28,35,71,30.93,6.1,22.35,63.26
38,5,84,9.07,7.17,29.83,55.01
40,20,66,32.61,7.03,25.23,26.11
15,12,59,17.11,7.26,31.42,38.4
60,23,53,9.73,5.28,29.68,77.97
60,7,76,31.67,7.87,35.03,34.35
20,11,32,18.33,5.07,21.26,27.77
65,29,30,29.55,5.65,19.02,69.9
29,18,42,34.96,5.96,27.16,89.13
26,20,87,12.04,6.56,18.05,82.04
55,27,64,27.52,5.86,33.77,36.32
63,10,69,12.04,7.73,30.11,87.74
52,5,36,8.97,7.95,27.26,55.23
50,15,50,15.13,6.79,35.52,93.57
46,25,24,19.49,7.84,37.37,55.98
62,13,75,12.72,7.95,26.31,77.27
56,43,58,14.11,7.13,37.88,67.77
19,17,53,35.54,5.25,40.95,55.3
67,17,50,36.34,7.51,28.35,30.63
35,11,87,8.17,6.13,36.57,94.51
45,18,63,17.62,6.22,23.39,41.61
68,37,34,11.81,6.17,36.2,32.66
52,8,35,30.06,6.06,24.76,53.22
37,27,55,27.03,7.39,32.23,35.27
39,16,82,19.74,6.03,24.95,38.44
42,9,78,29.03,7.85,33.77,68.66
62,23,69,11.07,7.71,19.65,69.24
54,31,63,36.78,5.43,26.98,26.0
47,5,90,27.29,6.43,20.41,53.61
46,42,40,12.1,5.24,34.86,41.64
64,15,41,9.59,5.35,27.74,94.16
39,6,65,14.55,5.72,31.02,40.38
46,34,20,31.91,7.88,22.02,38.63
63,26,32,17.48,7.25,20.35,94.57
67,44,26,28.09,6.54,23.84,48.92
31,23,40,29.16,7.21,28.86,82.74
27,16,25,18.49,7.23,41.49,58.17
68,11,52,17.62,6.07,23.31,87.77
37,19,90,26.3,6.43,36.27,40.37
45,34,32,9.93,7.83,41.21,28.66
65,30,52,32.59,7.22,18.99,29.81
30,19,68,13.93,5.75,30.98,43.32
28,39,72,18.73,6.84,39.33,63.03
70,25,76,8.95,7.04,38.42,26.05
56,7,33,28.57,5.76,37.76,45.7
20,18,90,9.3,6.98,38.52,49.09
15,21,78,15.31,6.06,41.0,57.74
19,37,22,18.52,6.16,35.96,32.9
21,41,29,29.27,6.9,34.11,85.74
72,26,20,30.07,6.51,33.7,42.76
44,10,38,19.71,6.97,21.66,35.67
36,18,41,34.65,5.69,26.15,36.48
54,30,91,26.35,6.28,34.88,92.12
43,12,71,9.1,7.03,20.1,79.64
24,42,61,20.65,5.03,41.99,48.0
50,8,53,21.7,7.1,41.8,86.05
34,40,75,20.93,6.15,26.71,61.98
54,31,77,24.45,7.01,39.14,91.99
54,10,40,9.1,6.39,26.1,74.16
66,12,56,25.74,5.61,20.05,41.58
68,19,66,21.12,6.4,40.21,63.13
20,5,47,19.97,7.14,22.46,73.6
60,21,60,28.35,7.99,20.32,79.27
21,13,43,30.55,7.16,25.38,33.54
60,18,38,17.45,5.28,40.43,67.8
48,35,70,29.6,5.2,39.24,91.98
63,14,89,10.8,7.6,33.26,31.38
27,15,43,29.34,6.94,20.88,86.42
26,11,41,29.45,5.49,19.81,63.19
41,7,30,18.01,6.96,25.16,29.63
58,29,25,22.45,6.66,32.87,41.87
55,39,70,8.42,7.67,30.06,36.26
51,31,81,19.31,5.29,25.35,33.28
65,35,86,22.75,6.69,24.57,46.42
55,10,83,29.08,5.07,37.49,62.7
33,14,50,31.21,5.83,31.08,83.03
24,44,76,12.23,5.04,20.7,33.43
38,11,77,33.19,7.47,21.48,69.52
23,7,64,29.2,7.66,23.58,62.25
72,32,55,36.32,6.95,37.42,80.15
21,26,36,10.46,5.46,25.09,34.6
25,23,24,9.69,7.91,30.59,72.08
52,43,81,33.42,5.86,19.38,78.99
66,5,65,22.93,6.31,32.91,54.35
46,9,54,25.14,5.32,29.01,63.44
29,27,73,17.99,6.29,19.68,26.07
73,33,71,8.68,7.06,35.28,60.24
64,39,65,23.95,5.05,40.78,39.47
36,44,65,19.48,5.27,36.55,73.46
49,21,25,12.67,7.73,23.08,52.58
45,14,51,20.99,7.6,32.78,32.21
27,21,43,30.94,5.04,28.63,92.42
49,7,38,25.89,6.01,38.38,41.83
53,17,28,37.92,5.07,40.46,29.22
20,36,57,20.4,5.71,19.28,41.19
65,44,78,36.69,7.32,18.32,56.92
25,30,92,16.92,7.07,23.76,70.58
21,25,45,26.29,6.56,18.36,39.89
60,18,84,12.7,7.37,40.91,41.26
33,21,60,18.75,5.92,35.27,75.97
61,15,90,14.12,7.67,34.89,66.52
71,30,38,30.24,5.41,37.3,57.56
73,43,65,28.27,6.1,32.56,63.09
26,26,90,23.45,7.16,38.82,85.4
28,9,39,32.82,5.16,37.69,31.13
68,43,72,12.75,6.81,38.81,72.23
50,25,44,30.19,6.83,31.1,33.87
49,43,86,30.38,7.65,32.96,62.49
17,5,66,15.27,7.55,31.21,49.78
29,18,37,25.93,7.96,25.79,35.19
37,29,61,19.61,5.74,19.04,92.03
68,25,49,32.57,5.24,20.29,35.84
25,10,43,24.39,5.0,31.33,45.04
36,17,71,24.75,7.12,28.13,53.89
61,22,69,9.05,7.47,40.66,76.0
59,39,74,37.81,5.75,32.88,49.67
45,20,72,25.01,7.24,37.83,76.95
37,17,34,28.64,6.63,20.68,41.07
22,32,35,21.93,6.53,29.85,51.4
66,11,50,12.42,6.37,38.22,40.85
26,10,63,12.09,7.61,36.93,38.13
68,23,72,17.23,7.32,35.34,57.91
71,33,25,8.68,5.93,41.46,83.95
64,20,77,27.71,7.39,20.0,71.84
22,36,77,17.33,5.08,37.16,55.28
27,6,67,20.94,5.5,31.04,32.04
40,9,60,9.86,5.01,33.76,35.29
38,33,72,17.46,5.94,35.4,37.89
23,36,33,34.79,6.7,30.49,28.15
52,18,45,34.41,5.17,25.3,39.51
35,9,30,11.57,5.23,38.46,52.3
51,11,76,8.27,6.98,18.35,25.17
17,26,26,30.35,6.78,21.0,87.95
30,34,70,34.89,6.6,29.66,74.49
30,15,59,29.37,6.09,37.28,54.71
38,28,35,17.28,5.76,21.69,59.48
40,32,79,34.85,5.62,22.11,33.45
40,44,65,12.06,7.36,21.76,33.74
37,12,86,28.58,5.18,20.29,32.78
57,19,74,28.04,6.56,31.96,39.36
25,39,43,9.48,5.07,29.63,47.81
19,29,36,19.15,5.1,39.17,54.44
51,44,20,8.07,7.32,28.62,54.35
63,6,50,19.08,6.26,32.75,64.95
17,39,80,35.65,5.03,39.6,38.07
46,22,65,36.05,5.91,30.65,32.41
33,32,52,13.44,5.38,28.99,75.04
56,18,58,25.46,5.94,34.37,70.12
71,41,90,28.91,5.63,28.77,88.47
60,27,27,33.93,6.88,38.07,51.27
34,32,28,25.48,5.98,25.25,31.91
72,20,49,10.48,5.7,35.69,36.59
69,39,61,30.68,5.96,40.69,81.49
68,18,65,28.46,5.36,28.9,34.64
74,35,38,27.35,5.86,20.15,54.8
57,35,84,24.97,5.09,26.23,77.83
24,32,47,26.91,5.7,29.12,80.77
55,31,92,30.13,6.87,19.3,65.07
45,36,64,17.3,6.74,21.91,49.69
33,7,49,31.34,7.61,18.09,74.18
20,28,81,34.89,5.84,21.66,44.78
28,44,93,11.47,6.2,19.59,36.6
73,14,90,19.94,6.42,30.36,76.44
40,25,53,29.09,5.7,39.53,55.48
37,7,89,22.2,5.47,21.8,36.97
32,28,92,9.16,7.87,26.01,76.88
22,25,65,17.39,7.94,22.02,47.61
24,32,77,27.55,7.3,22.4,28.41
54,44,48,34.99,7.95,23.24,85.64
59,14,51,13.51,5.15,28.2,62.49
50,23,76,16.25,5.86,31.54,74.51
65,21,34,25.08,5.87,40.46,78.84
24,26,90,35.47,6.35,23.7,80.95
37,38,39,23.81,6.49,23.23,68.03
58,7,23,20.33,7.64,35.26,49.67
73,43,57,27.96,7.41,41.31,84.41
54,31,37,31.26,7.15,26.27,47.7
38,29,44,24.13,7.53,24.37,81.85
16,6,73,18.46,6.87,24.96,31.83
45,18,69,10.51,6.04,31.31,64.22
72,20,70,37.11,5.03,26.99,37.79
40,37,78,23.34,5.59,20.91,32.63
58,30,68,11.16,6.66,19.85,81.65
38,8,80,29.21,6.2,27.27,31.07
61,33,75,12.77,6.15,41.64,85.85
63,35,62,37.67,7.65,28.01,30.98
16,39,42,21.14,6.6,26.39,78.43
69,34,46,29.37,5.92,39.47,55.19
25,41,60,20.48,5.63,23.66,88.58
73,19,83,10.14,7.99,23.92,79.1
62,29,23,30.05,5.49,21.39,30.16
30,7,81,33.23,6.32,29.64,78.15
17,14,54,35.94,6.9,41.33,55.23
58,8,50,28.5,7.74,18.27,42.81
18,41,35,27.31,7.69,25.38,54.3
21,13,94,26.53,5.15,41.06,49.42
48,43,32,12.12,6.72,33.09,43.37
60,13,76,24.59,7.5,25.28,33.28
65,26,20,14.71,5.74,19.55,25.85
47,44,94,32.36,7.28,21.1,54.88
18,9,63,26.97,7.81,36.77,78.65
71,15,65,32.29,6.53,28.65,25.2
63,14,83,17.04,5.99,19.97,90.59
48,6,81,19.76,7.68,35.81,72.5
22,7,75,35.07,5.46,26.07,47.09
44,38,81,19.27,5.06,34.23,89.84
26,37,66,27.64,5.12,27.54,27.29
15,9,22,8.81,7.7,19.67,66.24
21,13,79,27.96,6.68,26.82,83.78
19,29,36,30.14,5.54,28.6,28.46
44,11,82,12.6,5.22,37.19,87.65
45,22,47,14.4,6.06,33.55,91.64
69,13,90,32.86,7.19,40.98,37.94
20,32,58,31.19,5.18,28.71,90.16
60,41,39,10.88,5.31,27.18,62.54
70,24,76,25.17,7.57,33.86,32.35
35,27,40,31.26,6.46,18.75,82.05
69,43,24,28.05,5.72,20.39,43.3
47,33,55,25.42,7.58,27.68,93.75
52,5,31,29.13,7.45,39.17,51.54
71,28,25,34.7,7.57,20.36,60.79
72,5,65,35.47,5.14,36.45,29.79
25,17,80,37.1,5.06,26.71,50.51
59,38,48,29.22,5.75,41.25,44.37
62,9,74,34.59,6.71,24.55,91.34
46,43,29,11.74,6.76,18.57,35.82
26,29,49,35.56,6.07,19.43,88.63
20,23,38,23.33,7.45,27.15,44.71
48,11,86,34.72,7.72,26.14,65.19
39,19,93,29.5,5.83,29.01,60.09
64,44,41,36.92,7.03,27.09,65.83
46,7,65,31.26,5.73,34.57,27.08
65,27,46,13.83,7.61,22.18,53.81
34,30,24,14.41,5.19,37.81,53.29
54,19,52,36.71,7.18,26.24,80.67
22,8,54,32.5,6.6,18.56,52.46
71,42,37,32.72,7.54,25.13,45.26
73,33,75,14.26,7.74,31.75,30.47
19,31,64,25.13,5.65,34.72,48.78
15,27,53,37.1,5.29,19.97,74.93
50,31,59,32.86,5.89,40.41,55.35
36,36,82,23.75,5.63,33.99,92.39
44,26,69,12.16,7.96,25.09,26.08
48,38,28,29.97,6.34,19.88,51.76
23,22,88,30.03,6.11,30.16,79.74
68,23,68,33.46,7.54,19.12,88.79
42,7,24,22.59,7.88,31.89,64.62
34,26,62,9.56,6.28,21.13,57.7
45,24,40,20.71,6.38,33.07,30.29
37,44,22,19.87,6.35,34.8,75.34
69,14,26,17.41,5.08,21.79,92.2
15,23,52,22.53,7.44,32.0,33.84
56,35,26,8.12,5.5,32.69,77.17
26,31,54,24.41,7.5,24.25,55.71
21,40,72,33.83,5.47,34.38,46.96
55,27,76,14.88,5.85,21.53,89.81
20,21,68,29.41,7.35,24.03,37.01
66,16,59,13.25,6.02,22.22,68.53
64,11,22,10.7,6.9,27.24,48.74
58,42,79,13.33,5.47,26.03,84.4
32,40,43,36.55,5.26,39.22,90.69
38,27,47,8.0,5.93,25.82,68.33
28,43,39,24.68,6.3,29.58,79.3
65,20,33,25.06,5.22,27.68,58.72
39,19,44,17.73,5.01,25.85,94.46
42,14,59,21.52,5.23,30.41,83.46
55,16,61,34.75,5.6,18.52,35.41
16,19,73,20.53,5.99,25.39,79.9
51,18,49,29.53,5.45,18.7,80.66
66,16,61,31.94,7.08,28.55,80.02
58,24,80,25.1,7.29,21.07,48.65
46,8,83,21.91,5.33,36.53,85.85
15,17,52,35.01,5.89,30.06,35.13
29,39,74,22.4,6.58,19.91,66.73
50,16,52,14.73,6.72,34.38,84.79
25,35,82,17.58,6.35,41.84,45.28
20,37,56,37.72,5.49,29.48,91.66
44,6,71,10.58,5.14,31.85,67.35
68,36,30,24.67,6.06,25.62,26.41
44,44,83,18.02,6.58,20.06,94.95
37,19,44,18.32,7.3,19.48,73.43
45,8,78,19.05,7.47,26.9,26.21
48,39,22,36.11,5.65,23.42,94.87
47,34,79,29.87,5.65,29.76,86.22
72,13,58,21.37,6.42,23.36,66.17
56,32,43,19.07,5.11,39.43,44.17
41,38,62,25.39,7.41,27.55,29.55
35,12,39,24.5,6.34,40.39,71.77
21,27,90,32.12,5.97,18.73,80.93
52,14,21,33.94,7.9,20.74,52.68
50,39,38,35.58,6.73,19.71,68.8
62,9,39,10.88,7.84,20.93,61.99
62,35,56,14.72,5.64,41.59,93.44
34,12,51,14.38,5.25,29.43,65.97
37,34,82,22.52,5.48,34.16,26.03
49,37,73,14.23,7.46,30.38,39.85
21,27,53,10.4,6.9,26.05,25.02
18,7,90,10.61,5.94,18.93,94.79
17,34,48,14.18,7.78,31.64,74.9
17,21,81,16.6,7.23,40.14,33.89
37,10,27,21.93,5.26,18.2,61.48
36,37,53,9.59,6.34,31.01,68.37
74,9,57,29.32,6.35,39.4,25.01
54,21,62,13.2,7.65,39.5,32.22
34,13,26,10.96,6.43,41.76,50.06
40,23,26,9.79,6.06,18.68,89.79
47,8,53,35.46,6.26,25.23,91.91
18,14,91,16.2,7.36,30.78,36.44
70,21,48,16.29,6.68,37.65,85.86
67,29,35,27.38,7.6,31.83,77.31
28,24,72,9.76,5.88,20.54,34.24
69,35,94,35.66,7.46,28.25,79.78
47,33,66,9.12,6.63,28.99,44.09
37,14,73,30.86,7.87,24.85,40.33
26,31,30,8.78,5.82,40.58,32.15
41,30,54,32.51,7.15,30.03,62.09
54,25,39,14.82,7.88,38.35,83.33
68,9,84,33.56,6.97,39.47,55.16
43,36,30,26.35,5.45,39.78,25.37
18,13,82,34.35,7.03,20.85,59.9
52,44,60,32.76,7.38,30.16,45.13
29,43,35,8.78,7.98,33.96,53.38
25,40,31,35.24,7.03,29.69,83.33
42,14,60,26.19,7.01,28.49,90.68
69,22,74,8.45,5.22,29.1,86.83
25,31,44,14.44,5.23,25.05,51.79
53,6,27,27.24,5.7,31.9,94.28
28,10,57,35.79,5.6,33.75,43.0
73,5,50,32.37,6.45,36.58,57.81
25,16,37,14.28,6.04,24.75,25.15
30,41,57,31.69,7.66,25.32,35.22
67,31,45,9.01,6.39,41.14,54.63
45,34,92,19.25,6.15,40.65,91.54
43,23,47,17.89,6.21,30.54,55.24
27,28,30,35.2,5.55,23.29,50.64
24,28,51,16.0,6.35,34.97,87.44
50,25,55,28.87,5.42,21.23,34.28
44,36,77,30.95,7.02,37.03,52.78
72,27,93,31.57,5.14,27.4,76.59
30,32,20,15.68,6.36,37.95,94.46
50,7,71,22.72,5.69,34.59,81.37
59,10,81,20.58,7.59,41.84,45.14
15,35,85,33.83,5.29,41.53,34.51
44,23,61,36.66,5.41,18.37,48.33
43,11,69,15.46,5.19,28.79,80.78
23,10,44,15.09,6.57,31.84,58.88
17,6,57,31.03,6.62,34.01,30.09
35,12,22,10.99,6.95,30.3,55.91
70,20,47,24.01,6.67,37.31,91.99
48,36,24,25.67,6.53,36.97,49.31
23,28,51,16.92,6.26,31.41,35.1
58,23,70,25.45,5.18,23.81,34.72
28,42,27,10.09,7.14,34.8,37.75
59,15,28,22.17,7.57,41.93,42.73
26,18,22,27.87,6.34,27.99,66.84
53,24,20,16.79,5.29,19.59,32.27
36,22,94,8.12,7.13,29.8,77.69
34,37,33,17.93,6.05,23.79,55.86
52,7,82,16.8,7.25,38.07,41.54
17,33,31,35.29,7.44,40.49,71.42
67,13,72,17.96,6.22,30.16,52.0
28,11,33,27.13,7.37,29.63,79.72
28,38,81,18.84,7.3,39.43,60.76
46,43,64,13.08,5.02,20.68,59.31
41,35,87,13.01,5.43,22.95,27.33
22,17,35,19.53,7.12,38.02,71.34
25,27,53,30.91,6.04,28.17,91.53
70,34,52,8.23,6.6,20.35,81.85
30,10,56,23.75,7.62,36.27,52.85
21,14,78,11.79,5.22,38.38,27.07
32,23,58,8.96,7.12,25.09,73.44
19,12,25,19.25,6.05,32.46,45.97
31,15,20,24.66,7.96,37.49,42.55
43,30,44,9.81,7.71,27.35,72.45
30,18,61,28.71,5.45,36.06,63.7
68,11,50,15.35,6.12,33.03,70.83
67,27,91,22.11,6.57,34.44,74.9
73,24,31,37.66,7.09,38.37,35.46
58,39,91,20.84,5.18,37.83,54.32
65,44,87,12.21,5.63,28.09,86.47
40,30,88,35.39,7.1,25.88,69.47
65,28,24,36.65,6.0,20.52,60.29
18,13,64,9.26,5.57,22.4,56.72
60,29,86,11.12,7.73,24.14,44.09
64,19,82,14.09,6.76,28.53,34.3
72,14,70,30.58,6.6,18.62,35.1
36,23,21,19.28,7.26,21.16,58.05
31,18,48,28.9,6.68,20.31,36.51
40,42,85,16.72,7.87,31.87,43.97
32,10,42,31.34,5.97,22.69,84.82
40,25,87,14.1,5.89,24.08,44.39
54,34,21,26.25,6.48,33.68,88.58
60,42,78,18.45,7.51,29.37,74.36
61,30,84,37.51,5.97,34.01,50.09
49,38,63,32.19,5.07,32.09,68.1
73,32,31,35.68,6.36,32.41,68.59
72,7,77,15.56,6.18,27.05,41.04
31,29,42,15.3,5.93,41.86,88.45
38,24,26,24.8,6.63,37.9,50.33
40,41,20,9.13,5.1,39.18,47.38
51,38,36,31.8,6.01,21.48,61.54
70,43,47,34.22,6.17,31.18,93.43
55,20,52,23.22,5.76,23.49,58.51
30,41,92,31.07,6.23,40.41,80.98
31,13,47,23.63,5.3,26.37,39.17
43,11,26,16.62,5.76,27.06,50.44
37,13,61,13.06,6.56,41.66,38.72
66,22,53,35.2,5.79,24.06,67.75
63,44,66,15.83,7.0,39.61,66.03
63,26,82,13.6,5.75,19.6,72.38
54,32,35,11.32,7.82,26.66,28.64
29,31,71,8.97,6.8,29.68,32.03
40,12,90,30.17,7.56,22.88,25.9
46,9,44,27.25,5.52,38.54,34.18
71,23,75,37.58,6.71,31.04,91.25
32,42,77,16.02,5.58,21.26,30.17
49,19,78,26.7,7.26,32.66,41.93
20,28,75,17.44,5.09,22.74,55.98
64,9,26,33.62,7.53,40.8,31.98
74,34,58,24.56,5.75,30.69,55.12
58,25,65,17.23,7.64,22.79,32.36
30,17,84,37.09,7.82,36.31,90.3
24,40,58,21.75,5.47,34.38,76.5
27,15,62,19.35,6.66,34.41,44.02
37,9,31,21.66,5.54,39.39,56.19
33,28,25,37.02,5.72,25.33,93.24
65,22,44,33.15,6.58,29.82,48.8
68,24,42,24.67,6.66,31.65,50.8
50,33,31,25.44,5.62,22.37,89.99
71,8,60,21.02,5.83,39.77,52.45
73,7,48,24.85,5.14,34.62,49.37
37,39,78,13.07,6.09,35.69,53.88
16,20,43,25.78,6.52,27.01,64.01
55,15,21,28.79,5.83,26.38,83.41
21,38,22,10.68,5.86,34.82,32.86
69,15,76,37.84,6.82,35.05,71.1
63,41,91,36.01,6.39,27.01,82.08
69,28,41,32.17,5.72,36.34,75.35
65,23,36,18.8,7.18,20.57,42.21
37,24,78,35.44,6.05,24.43,51.83
28,13,39,30.85,5.14,24.81,41.93
57,20,21,10.78,5.09,18.14,45.22
51,11,31,21.41,7.96,36.98,32.64
46,17,85,28.72,7.95,34.94,57.71
33,34,49,18.4,5.61,40.41,64.91
17,15,65,18.1,5.16,19.02,28.27
58,5,80,32.3,5.97,39.55,35.94
48,29,63,32.26,5.27,34.52,94.13
60,15,27,13.51,6.96,33.76,73.42
30,25,38,14.61,7.57,38.05,51.58
51,12,39,32.99,5.79,29.89,75.87
25,6,47,26.14,6.24,38.43,73.7
67,10,81,16.39,6.32,20.34,76.22
40,39,91,35.51,7.17,20.24,87.92
52,8,33,26.11,7.96,18.16,37.21
18,16,44,16.51,6.38,25.67,28.08
22,38,71,35.72,5.83,25.53,49.58
30,23,38,31.11,7.53,39.17,42.82
65,34,45,27.53,7.94,27.2,88.39
25,24,72,28.86,7.55,21.56,75.95
61,24,23,13.12,5.24,38.94,42.17
64,5,46,13.16,5.19,20.03,69.77
72,34,32,10.31,5.93,26.85,70.77
26,42,40,30.86,5.66,31.44,80.4
32,28,26,34.4,6.16,19.34,87.79
38,28,77,28.02,7.75,38.89,66.88
25,31,65,30.71,6.95,34.71,53.21
37,44,30,25.17,7.64,36.11,92.14
18,20,36,37.05,5.87,34.4,84.95
49,22,24,12.74,5.42,39.24,33.94
49,32,40,23.73,6.31,18.81,86.79
56,24,51,19.77,6.65,29.54,56.84
34,43,39,11.61,7.77,26.31,78.64
62,35,94,30.56,5.42,22.43,79.11
37,38,87,22.47,7.97,40.76,48.37
63,29,49,9.23,7.24,28.7,64.86
48,35,46,33.4,5.02,28.96,26.1
63,15,31,36.92,7.91,32.75,45.19
71,21,49,25.67,6.13,39.1,71.73
56,39,54,36.57,5.84,28.46,58.41
47,5,90,20.98,7.47,28.1,27.76
39,30,31,28.97,5.98,31.64,45.47
33,32,46,15.18,5.02,26.94,54.57
21,33,24,32.79,6.35,20.54,89.9
72,7,60,27.08,5.96,24.07,73.14
59,13,38,10.7,6.59,37.82,68.82
25,26,81,12.26,6.81,27.43,34.24
47,5,76,21.44,6.51,19.16,68.99
65,32,39,14.1,5.65,41.0,68.57
65,38,65,14.95,7.47,25.4,26.44
46,19,20,12.84,6.84,32.4,41.91
38,12,27,29.97,5.63,33.84,42.08
31,11,23,27.01,6.71,34.86,87.44
30,8,24,34.38,6.94,38.05,62.92
54,36,89,36.94,6.8,36.93,91.43
16,15,84,16.63,6.6,36.51,32.79
22,7,92,35.62,6.72,39.74,25.9
44,38,78,23.07,6.77,35.61,43.39
27,37,46,19.39,5.95,35.61,86.43
57,30,68,35.89,5.2,21.94,92.49
57,21,84,21.18,5.26,20.88,32.4
28,8,47,17.57,5.53,26.48,69.48
28,9,40,20.5,7.43,35.9,94.71
29,26,34,20.64,5.49,26.61,48.67
72,40,69,19.2,7.69,41.92,87.02
28,11,69,20.77,5.74,30.78,82.46
29,5,63,9.11,7.27,36.27,25.42
61,41,77,14.32,6.74,38.33,29.21
16,10,86,35.85,6.09,23.47,75.41
41,17,49,9.85,7.92,40.31,46.53
49,20,59,8.19,6.45,26.77,60.54
44,13,40,9.1,6.82,39.67,85.38
46,40,69,23.93,7.63,21.91,80.05
74,31,30,31.44,5.11,22.48,73.12
70,16,29,30.83,7.51,28.88,49.8
40,36,83,24.51,7.31,33.69,29.68
56,13,86,26.6,5.55,40.05,90.29
38,11,39,34.62,5.16,23.76,92.44
71,17,25,30.2,6.24,24.51,70.02
33,17,80,24.96,7.39,19.47,71.77
66,33,51,18.44,5.22,28.0,71.78
21,31,74,36.24,6.48,32.57,28.7
62,29,71,32.78,7.7,25.42,36.23
61,44,61,23.48,7.34,20.13,84.57
73,34,26,29.37,5.7,19.32,57.22
72,10,78,36.89,6.91,20.44,85.08
21,12,38,32.94,7.81,39.3,89.85
47,39,81,34.43,7.39,33.89,54.84
28,43,43,23.82,5.26,41.06,68.86
46,10,89,18.11,7.18,20.55,91.65
72,31,86,8.05,7.87,36.82,56.34
39,6,72,14.21,6.62,23.74,82.13
43,8,74,24.82,5.29,40.91,77.07
41,30,30,10.57,5.56,19.81,28.91
62,31,69,31.81,5.93,31.37,54.38
41,31,33,16.09,7.43,33.19,40.01
54,19,68,23.23,7.69,28.86,51.73
67,40,84,8.06,5.69,20.66,47.19
70,10,33,29.53,7.9,28.82,27.4
71,39,84,24.49,7.77,27.29,40.42
20,33,37,20.98,7.48,34.26,53.11
47,6,22,14.14,7.19,39.37,33.28
33,8,28,18.39,6.63,39.98,53.68
34,39,81,21.68,5.06,18.26,93.19
33,37,56,27.08,5.74,28.31,26.36
31,25,49,16.57,7.17,41.6,42.42
74,26,24,32.12,5.41,33.73,91.92
15,44,22,31.51,5.8,24.2,52.05
51,41,59,18.51,6.48,20.19,88.66
51,14,22,33.34,6.15,34.95,38.13
72,23,66,25.24,6.67,26.0,83.42
38,14,68,12.34,5.98,21.13,67.92
18,34,79,28.6,7.1,22.83,36.59
66,33,54,27.21,6.49,30.48,70.99
29,43,53,30.26,7.45,28.59,27.42
17,31,20,18.15,6.76,31.04,68.91
74,12,78,37.86,7.76,29.78,27.73
49,43,50,18.5,5.21,41.12,89.0
61,13,23,15.35,5.75,29.54,62.61
16,19,57,33.73,5.08,24.84,89.58
29,17,67,28.83,6.12,24.38,47.33
54,34,21,23.53,5.39,23.78,39.2
19,26,62,12.06,6.87,19.1,28.49
54,33,77,29.02,5.44,34.43,88.13
34,39,86,18.95,5.65,18.02,30.24
56,8,32,20.56,7.73,23.37,57.45
67,6,74,8.82,6.88,18.95,31.24
37,13,92,11.44,6.42,21.83,71.75
66,6,56,12.91,5.36,23.23,38.77
40,6,31,8.23,6.49,39.5,93.82
63,33,54,17.14,6.13,40.1,42.06
38,37,57,13.34,5.83,20.17,75.53
69,38,49,9.03,6.74,28.6,84.24
50,7,30,35.36,6.54,24.39,88.2
42,21,61,17.0,6.09,24.67,31.98
20,43,69,17.2,5.52,19.03,50.55
25,22,80,22.47,7.38,38.35,56.34
65,22,73,18.16,7.69,20.51,50.76
16,11,22,20.94,5.97,28.63,71.0
64,6,41,29.2,7.02,39.79,43.12
23,12,53,17.56,7.88,28.39,94.11
71,37,36,30.31,5.93,34.49,90.94
45,30,23,34.21,6.67,25.54,85.55
41,37,34,10.86,5.72,22.36,54.83
73,23,59,31.69,6.85,20.77,82.45
63,13,60,9.09,7.51,34.82,49.88
54,35,35,8.89,7.24,29.77,42.54
41,30,66,11.51,5.91,29.42,56.6
38,32,42,9.12,5.66,33.1,63.71
69,26,81,24.75,5.2,37.99,48.72
34,33,76,31.67,5.68,18.63,77.55
64,24,62,22.36,5.3,38.4,81.83
30,32,49,17.69,7.88,22.25,49.41
31,22,91,17.8,7.96,30.98,56.24
50,15,60,33.05,7.8,20.06,42.26
18,32,83,25.18,7.77,18.18,28.69
67,9,83,17.16,6.27,25.75,85.85
54,42,94,10.1,7.13,33.45,42.91
54,19,39,31.43,5.74,41.05,91.89
22,6,70,30.89,7.09,40.48,26.81
51,8,88,12.2,5.76,33.89,34.45
61,39,60,30.54,6.59,19.45,37.65
40,16,77,27.84,6.22,25.36,32.37
32,40,54,29.43,7.14,39.6,36.46
31,21,33,29.28,7.7,34.76,27.74
22,42,30,12.77,7.85,26.45,75.02
46,9,50,12.5,7.67,39.56,54.35
64,17,21,28.43,6.91,40.95,69.26
57,42,44,35.86,7.12,21.57,77.98
31,9,33,36.91,7.44,32.8,86.7
56,6,74,24.84,6.81,26.03,45.45
68,41,71,13.26,5.19,38.6,50.75
53,11,39,25.24,7.83,33.35,72.31
53,24,93,34.98,5.35,21.18,59.64
46,43,62,12.85,7.69,24.47,83.67
70,12,42,15.16,5.02,35.39,57.32
71,21,31,17.43,6.37,34.69,29.9
37,11,77,20.2,7.61,33.1,82.07
56,10,39,17.9,5.05,18.55,38.45
53,37,74,25.84,5.98,34.44,59.69
34,8,27,37.99,5.8,37.48,63.21
66,44,66,33.05,5.44,41.76,38.07
56,40,62,13.66,5.85,29.84,80.98
30,38,79,22.87,5.13,25.86,44.15
69,34,77,11.41,5.41,37.43,81.73
34,34,46,30.75,6.02,25.22,26.64
61,43,90,16.6,7.29,27.0,77.76
29,5,24,34.58,7.47,34.53,78.21
34,15,44,21.72,7.34,31.78,87.81
31,6,24,12.14,7.56,40.07,74.43
18,31,46,22.91,5.48,18.61,93.95
20,20,68,34.02,6.55,19.97,34.99
57,16,47,10.12,6.48,37.98,65.15
61,19,58,31.35,7.35,32.92,63.54
70,26,61,30.83,5.26,28.74,89.27
65,9,31,37.07,7.35,25.1,41.01
27,12,28,21.84,5.29,26.29,83.49
74,15,63,21.27,7.2,20.42,61.88
21,31,70,15.95,5.41,34.91,56.4
41,41,76,32.0,7.15,34.58,77.88
40,44,71,33.05,6.02,40.18,81.21
66,29,41,31.95,5.14,28.6,85.64
70,33,72,24.04,6.08,36.81,56.14
24,29,55,27.96,7.48,29.52,53.02
37,21,31,12.11,6.7,40.99,88.42
33,15,68,16.46,6.77,37.56,52.19
47,14,90,22.11,7.22,35.35,25.26
68,19,82,36.99,7.36,33.64,39.87
62,26,65,35.22,6.21,23.82,75.48
53,14,46,22.85,5.49,39.27,66.75
50,36,31,8.8,5.73,32.31,72.41
64,21,28,27.8,6.84,24.21,82.76
24,33,23,21.73,5.99,38.55,45.44
65,37,71,24.57,5.71,32.88,77.73
20,35,50,14.59,5.25,41.39,76.49
21,18,74,24.76,6.25,27.67,38.95
65,25,82,33.33,7.64,32.81,49.42
59,32,77,13.83,5.13,30.49,78.99
31,24,37,10.47,6.88,39.68,58.11
39,7,70,29.96,7.48,40.84,59.0
65,9,22,37.39,5.25,35.72,66.57
62,20,28,15.16,6.8,40.49,77.68
62,16,78,23.13,6.85,36.57,55.89
52,33,75,16.29,5.89,25.51,93.53
51,33,25,13.7,5.52,18.14,82.47
45,35,74,9.31,7.45,32.37,69.81
61,18,27,10.02,6.88,21.81,79.83
62,27,55,18.95,8.0,37.08,42.86
30,22,77,22.0,6.02,18.99,41.21
64,15,68,30.63,6.03,28.43,63.66
70,12,69,27.29,6.53,41.66,88.28
42,10,80,15.29,5.56,27.43,69.51
57,13,82,17.66,5.24,25.28,46.35
29,26,90,10.28,6.65,30.0,81.27
60,7,35,19.28,6.79,31.92,85.98
32,44,59,13.0,5.5,41.43,69.22
33,16,84,37.19,7.42,21.51,64.66
25,35,88,13.86,5.1,25.18,89.51
37,39,68,17.31,6.58,25.56,80.13
42,39,94,17.57,5.36,40.55,56.71
23,37,57,20.67,6.13,32.02,57.8
34,38,48,32.28,6.19,20.58,52.96
29,42,82,16.8,5.69,30.24,69.5
32,25,61,14.2,7.34,33.08,52.41
58,42,80,34.52,5.73,40.58,52.24
72,22,20,17.33,5.72,31.66,72.81
61,29,41,23.35,5.56,30.55,62.2
31,39,80,34.29,7.92,36.49,42.94
42,29,67,30.23,6.48,39.62,32.21
41,24,90,37.15,6.34,23.01,65.49
58,20,48,36.73,7.0,21.08,45.62
18,41,82,17.99,5.86,31.62,35.69
28,11,21,16.85,7.41,22.83,44.22
45,27,26,32.88,7.26,34.44,57.1
38,30,44,23.78,7.02,26.0,74.01
23,44,44,9.53,5.66,18.78,26.78
23,10,20,30.73,6.06,27.5,77.66
26,33,49,31.97,5.24,18.34,53.41
51,34,37,35.5,7.31,23.57,58.92
25,13,55,20.85,7.88,39.64,62.37
39,41,92,14.16,7.62,27.35,43.83
34,19,63,19.49,6.07,21.12,26.93
18,32,58,24.57,7.4,36.96,62.41
55,30,60,35.37,5.73,25.43,91.81
71,9,37,28.39,6.91,21.88,43.48
33,20,87,35.45,6.19,38.31,53.61
40,28,30,11.04,5.02,41.93,28.66
44,20,54,25.84,6.81,40.58,77.97
63,19,43,12.17,5.19,26.69,26.99
38,36,53,8.35,5.39,24.02,32.84
17,22,74,30.95,7.86,32.55,31.36
33,9,88,21.69,6.13,27.11,25.32
29,30,57,12.28,5.7,18.76,78.45
25,32,36,33.97,6.89,38.56,78.98
74,19,61,11.36,5.85,18.55,88.16
33,13,76,32.56,5.07,36.52,42.44
38,6,41,16.29,5.37,27.33,76.33
23,22,74,36.32,6.62,39.78,32.81
35,5,31,18.15,5.07,22.67,44.35
58,31,51,26.54,6.25,25.07,46.79
57,17,92,19.79,7.0,35.21,93.16
48,40,70,31.94,6.67,31.25,73.02
17,14,24,12.45,6.29,23.05,84.11
73,32,83,13.01,5.28,28.51,93.95
37,44,72,15.63,7.44,41.68,65.46
36,30,36,25.42,7.43,18.83,35.88
25,24,26,28.6,6.2,20.04,84.38
28,30,33,29.27,7.62,24.5,65.3
51,40,61,9.35,6.09,38.52,44.94
37,13,80,12.15,7.51,20.97,34.81
63,16,86,29.32,7.95,26.06,83.6
31,21,45,9.76,5.53,29.23,58.97
44,34,28,23.74,5.28,30.42,46.34
35,12,58,11.18,5.05,21.23,39.07
57,14,29,31.75,6.01,28.1,66.89
28,22,22,24.13,5.22,29.12,68.13
18,13,76,17.02,5.91,26.6,85.55
39,19,61,28.7,7.14,29.89,71.59
29,20,33,11.8,6.6,22.95,33.05
60,9,62,27.46,5.14,35.85,67.46
62,7,31,36.88,5.69,37.93,32.26
21,41,31,11.06,5.72,31.76,52.81
65,42,77,19.28,7.15,24.0,92.91
35,31,58,36.88,5.04,18.11,25.23
21,28,94,9.18,6.05,36.8,37.94
37,21,88,35.04,7.56,37.88,90.75
62,7,25,12.61,7.27,39.07,80.8
44,31,22,35.53,7.72,32.41,48.92
51,38,28,9.04,6.41,34.57,59.01
24,31,89,9.0,5.57,27.98,65.09
54,6,67,31.35,7.02,27.8,46.42
22,15,50,8.16,6.41,23.81,46.72
45,19,26,8.65,7.54,19.36,88.47
25,26,61,20.63,5.87,33.09,83.97
54,36,64,36.21,6.53,36.88,81.15
17,7,78,10.66,6.51,30.7,93.86
40,14,81,20.09,7.58,39.62,32.74
74,14,59,31.46,5.14,39.41,31.37
65,11,68,28.47,6.12,33.98,28.45
62,29,60,32.77,5.06,36.79,82.34
25,38,37,10.85,5.38,40.54,62.05
25,6,73,13.34,5.66,23.13,70.15
53,7,21,33.61,6.38,19.14,84.57
46,34,65,30.6,5.89,37.26,45.89
52,22,57,31.41,7.83,40.92,80.93
53,31,75,18.0,6.03,38.45,88.47
28,19,46,34.79,7.72,31.08,49.17
19,7,51,11.68,5.6,25.33,31.9
19,43,34,23.52,7.79,31.33,57.89
31,20,24,18.54,5.7,36.9,43.21
74,22,44,16.44,7.35,41.92,30.13
39,34,39,22.7,6.17,22.12,37.14
56,24,23,24.62,7.12,36.65,42.11
53,15,93,19.96,6.4,22.96,85.7
45,36,89,20.59,7.67,28.85,41.68
37,28,83,37.39,5.14,24.17,36.51
22,10,69,13.31,5.86,27.81,74.42
68,22,38,13.87,7.5,28.08,82.91
70,31,30,24.94,5.33,36.27,88.02
50,7,87,33.52,6.78,29.49,35.9
69,20,44,20.23,7.11,37.0,46.31
22,7,52,19.66,7.86,22.35,76.84
37,41,63,9.99,7.83,25.85,28.39
29,14,25,30.48,6.58,29.26,37.54
15,44,59,28.06,7.76,26.14,32.08
67,40,88,19.86,7.95,37.31,49.66
61,11,45,27.22,7.49,25.61,79.13
18,34,61,18.13,5.57,39.02,73.89
68,13,36,9.21,5.95,22.29,58.42
65,39,39,15.43,7.1,20.87,50.2
73,12,41,16.93,7.61,32.38,81.9
48,15,42,15.44,7.06,32.87,86.74
52,36,39,12.19,7.16,32.52,25.81
28,8,56,37.58,7.02,37.29,59.96
30,39,27,10.25,5.5,36.91,57.49
47,13,83,11.79,6.45,25.43,47.67
33,30,64,16.7,7.98,23.62,47.08
35,6,77,13.48,6.1,21.09,53.75
67,9,37,30.73,6.61,25.69,52.12
26,40,73,10.79,5.87,36.6,60.72
55,38,70,34.77,6.39,22.64,59.27
18,41,93,16.54,5.26,30.99,29.35
47,5,51,30.34,6.62,33.85,84.67
41,11,73,9.81,6.05,33.49,67.37
33,41,84,32.53,7.75,22.14,36.65
37,23,60,18.87,6.43,28.53,52.06
21,29,52,15.94,7.82,19.19,91.79
40,8,32,9.97,5.43,41.39,76.12
72,26,58,25.33,7.44,22.1,58.6
65,37,63,13.44,5.77,40.54,37.03
38,37,85,20.46,6.01,39.2,56.63
39,10,42,36.38,7.06,40.17,88.14
73,36,39,27.07,6.0,33.38,48.97
22,37,47,22.77,7.31,35.8,29.53
71,35,27,18.25,6.26,20.68,81.59
65,26,42,22.03,5.56,35.36,86.52
47,19,43,24.86,7.36,29.14,75.99
39,12,65,36.81,6.43,39.18,90.04
36,31,90,22.59,5.76,24.07,51.21
63,32,27,24.98,6.29,28.35,57.16
38,25,56,20.66,5.41,26.32,58.64
54,37,46,32.68,6.04,34.86,91.84
70,21,41,36.93,5.66,23.27,94.77
25,39,66,8.75,6.23,19.31,70.94
45,27,43,18.31,6.78,26.71,31.85
27,41,51,36.34,5.86,31.13,48.5
65,28,28,32.92,5.73,26.81,66.13
22,10,73,16.15,5.87,26.14,41.24
24,31,37,12.6,5.64,34.98,71.04
71,9,37,8.61,6.7,41.73,49.17
52,15,38,11.87,7.21,35.19,83.72
31,39,67,13.98,5.07,31.81,36.07
67,11,37,19.67,6.58,18.89,59.94
34,6,91,16.41,7.26,22.07,66.33
32,16,57,15.69,7.2,29.26,85.62
16,24,50,16.86,7.69,36.65,63.33
41,5,42,31.42,6.44,41.8,77.22
56,7,45,18.46,6.19,34.17,25.57
49,31,45,12.22,7.25,31.41,69.35
38,20,66,15.3,5.89,35.54,61.05
24,28,44,22.14,6.16,30.96,86.11
26,16,28,9.96,5.69,41.43,45.07
61,28,66,25.79,6.54,20.57,68.35
18,42,56,36.56,5.3,33.84,61.12
31,36,39,27.32,6.39,28.32,85.1
33,37,55,25.24,6.15,35.61,48.46
31,7,29,20.96,7.4,40.43,37.98
40,44,78,27.47,6.75,25.03,90.35
35,31,35,25.77,7.18,35.67,88.42
49,40,85,22.71,7.51,32.89,57.05
55,44,71,14.61,7.39,41.38,41.57
33,9,53,25.36,5.44,27.19,60.43
62,42,51,11.14,6.5,20.62,57.26
60,22,62,37.18,6.88,21.12,29.32
40,32,78,15.2,5.35,18.15,30.77
60,16,26,27.21,7.76,33.82,87.62
35,31,26,30.98,7.17,38.03,92.85
51,11,38,17.51,7.14,40.93,66.17
55,18,94,18.13,6.75,18.49,59.53
37,14,41,31.31,7.29,39.48,87.59
24,6,36,28.35,6.35,26.6,63.8
73,42,82,23.69,5.99,35.54,51.46
43,12,84,14.53,7.94,26.73,80.29
60,39,80,9.76,6.78,29.65,78.07
22,44,49,33.31,5.82,23.74,48.05
58,12,82,24.8,6.47,26.11,76.88
74,26,91,8.32,6.66,34.56,28.82
30,8,61,34.72,7.95,24.67,89.96
74,19,71,13.99,5.61,21.9,61.49
26,11,26,23.46,7.85,40.35,49.86
46,8,42,30.45,7.58,31.29,93.69
33,30,81,15.93,7.41,31.7,78.95
41,7,56,25.04,5.42,27.19,41.89
39,10,50,37.21,7.35,41.89,77.4
60,22,49,37.25,7.23,35.51,55.14
34,37,38,35.15,6.65,30.67,55.63
66,30,33,21.9,7.92,34.14,30.4
68,23,67,28.91,7.03,34.07,60.58
49,24,87,27.09,6.83,24.92,54.47
43,10,90,19.35,6.35,22.29,45.86
17,29,82,9.17,5.13,34.41,27.76
53,6,43,28.13,7.29,26.88,55.77
36,33,81,28.28,5.75,19.08,63.92
74,7,51,13.8,7.17,34.27,50.62
27,42,64,20.18,6.87,29.83,63.32
30,39,28,22.81,5.57,34.03,30.05
35,6,46,10.95,7.68,30.14,72.46
21,23,45,18.52,7.3,25.24,43.59
55,12,32,12.64,7.63,33.86,81.57
72,33,78,24.25,7.4,24.73,41.81
70,10,82,10.27,7.62,23.33,83.79
54,24,44,35.02,7.55,27.35,64.19
65,28,73,25.46,5.19,21.52,41.37
43,21,71,26.99,7.29,39.85,76.75
15,32,70,18.22,6.26,23.89,80.0
40,17,92,14.58,6.52,35.09,86.82
72,7,63,34.8,5.62,40.81,28.98
67,32,65,16.52,7.91,24.73,83.94
32,29,25,26.36,6.77,37.1,38.37
23,34,85,37.18,7.76,19.05,44.88
39,44,93,27.79,6.08,38.78,48.69
44,33,22,37.88,7.19,36.37,47.13
64,42,54,32.84,5.79,38.79,68.84
52,25,89,27.18,5.25,33.6,29.75
71,32,24,8.13,6.79,40.09,89.12
31,24,48,37.99,7.77,21.33,54.51
16,15,34,30.68,7.14,33.6,54.7
51,29,82,16.22,6.54,38.21,93.45
39,10,82,11.29,5.94,34.69,55.67
17,14,46,14.97,7.37,28.86,59.71
72,35,64,8.21,7.23,20.44,47.73
57,27,45,35.49,6.15,20.96,66.14
40,8,65,31.98,5.08,25.34,48.82
58,40,28,29.2,5.47,37.15,82.57
57,28,82,36.72,6.78,24.1,51.35
16,42,33,12.67,6.1,21.08,68.53
70,38,66,23.75,5.81,21.84,34.61
53,43,75,17.48,5.56,28.72,46.29
27,34,62,20.68,5.06,26.34,88.05
39,22,68,11.1,5.77,32.43,63.75
36,43,59,16.24,5.92,31.25,71.98
64,32,88,25.1,7.81,29.08,67.91
16,37,32,34.6,5.69,29.55,83.37
50,36,85,35.56,7.64,21.09,60.48
23,17,21,9.55,6.36,18.43,49.36
27,33,69,32.01,6.96,39.69,88.52
73,10,90,33.85,5.19,32.54,47.46
49,5,41,14.83,7.93,18.56,65.88
19,43,22,23.49,7.85,21.05,53.2
69,24,76,9.26,7.12,24.52,55.53
17,33,66,29.01,7.91,26.5,56.58
32,8,20,15.13,7.7,22.69,47.61
23,25,87,34.83,6.03,31.73,26.59
34,7,59,26.39,5.73,23.77,72.11
72,37,57,33.77,6.2,18.47,72.84
53,17,65,28.83,6.17,41.05,51.92
71,29,30,18.21,7.64,37.24,84.06
60,31,25,27.51,7.48,39.64,86.63
40,21,78,33.12,7.0,39.05,42.66
51,35,77,36.23,7.71,19.65,77.87
43,27,88,16.09,5.15,24.46,85.43
71,29,49,27.47,5.79,18.49,40.44
40,19,88,20.2,6.4,24.9,64.33
26,6,73,32.39,7.15,25.57,85.73
62,31,68,14.81,5.75,22.23,36.83
23,29,64,26.53,6.04,28.65,81.63
26,29,65,24.02,6.99,30.33,58.92
42,29,66,9.23,6.49,31.73,38.28
52,32,51,21.63,7.46,27.91,91.09
60,35,85,31.47,5.94,28.79,28.79
36,31,79,18.32,6.76,21.78,55.78
55,19,39,36.97,7.22,20.32,38.55
20,24,93,36.22,5.01,36.01,30.65
59,35,69,20.96,5.54,31.37,77.4
68,24,89,36.11,6.38,22.97,40.99
22,42,23,15.78,6.9,18.92,88.55
65,17,68,15.35,5.18,34.03,58.31
21,16,63,13.63,5.67,20.93,35.56
53,40,36,9.95,7.42,26.71,57.32
70,30,57,30.61,6.96,34.76,73.61
73,43,85,16.33,7.62,32.15,33.08
70,15,59,19.31,7.83,20.81,36.17
16,37,43,27.28,5.78,19.06,41.94
68,22,29,30.91,7.29,22.6,79.32
59,6,64,33.21,7.12,26.71,36.48
20,32,84,33.99,6.77,27.32,38.03
31,31,49,18.24,5.37,27.71,49.74
71,30,32,22.54,6.16,33.23,75.98
67,13,72,29.13,7.62,24.61,66.36
66,26,91,18.62,6.37,20.29,69.79
68,23,70,28.65,6.13,32.44,83.73
44,22,57,15.65,6.63,19.49,91.1
53,26,37,14.26,7.72,38.16,82.82
32,26,66,19.25,6.44,34.23,76.5
60,32,41,34.47,7.32,39.4,47.25
71,42,54,17.57,7.44,38.59,59.46
46,12,57,18.09,5.45,27.76,31.03
15,7,28,23.44,6.58,33.57,32.83
53,12,76,28.48,6.88,38.8,50.96
45,35,27,36.04,5.12,26.79,94.55
40,17,37,26.94,6.65,21.13,85.36
53,38,68,10.83,5.45,28.13,32.96
59,34,53,10.18,6.4,25.23,66.9
41,29,26,32.91,6.05,30.52,49.19
53,37,89,12.99,6.15,35.75,66.16
59,13,76,36.23,7.25,31.61,42.86
27,5,30,23.23,6.52,20.94,84.14
39,35,56,35.74,7.82,40.75,50.67
72,14,49,18.66,7.8,23.88,89.06
52,24,67,14.7,6.98,33.8,77.86
74,22,35,36.57,5.36,33.27,52.35
29,37,23,23.0,7.2,34.88,37.93
56,33,63,29.29,7.65,33.28,34.47
21,42,72,22.4,6.74,39.71,45.41
72,11,86,9.68,5.79,27.08,85.23
61,16,76,27.76,6.42,41.49,79.97
33,11,48,26.17,5.41,39.52,66.06
65,43,67,25.11,5.63,39.46,88.89
71,29,29,31.02,6.94,33.97,84.76
24,42,57,9.77,7.51,18.06,90.33
26,11,91,36.86,7.65,31.84,27.19
30,26,26,22.91,5.22,39.26,69.6
31,35,44,25.34,6.71,34.05,87.51
42,30,32,16.61,6.86,21.84,37.58
20,39,29,20.21,7.79,35.47,92.57
18,12,63,13.16,5.28,31.12,56.72
26,12,37,33.33,5.2,18.14,80.61
72,17,56,13.03,5.75,38.54,94.98
57,33,54,13.76,5.68,21.52,51.29
35,11,63,15.25,6.85,20.69,27.1
46,30,34,33.87,6.71,29.33,71.53
17,25,26,33.96,7.28,41.04,30.73
29,43,54,9.0,6.92,34.22,85.59
62,33,31,10.36,6.03,19.01,35.65
44,39,57,36.87,5.36,33.2,56.17
70,35,46,23.35,5.5,21.51,66.38
50,40,68,24.79,5.5,38.64,47.89
44,27,87,30.81,7.89,30.52,48.24
46,10,47,27.0,7.22,26.11,55.08
71,38,39,16.75,5.6,21.74,31.78
20,37,71,10.98,7.13,35.81,28.81
53,20,57,30.28,5.57,21.12,33.86
49,30,39,16.16,7.82,40.2,30.19
53,39,33,9.91,5.88,41.43,84.86
40,30,73,18.51,5.31,31.21,93.84
63,26,28,36.12,6.14,33.08,80.75
58,35,36,16.4,7.01,39.1,25.23
31,11,75,14.27,6.96,41.25,43.1
55,42,20,32.07,6.85,25.86,52.89
44,31,21,16.22,7.3,29.36,75.57
37,30,45,27.86,6.79,34.97,89.85
74,35,55,34.44,7.17,26.29,94.93
48,30,78,31.35,5.92,19.02,32.63
36,44,79,24.68,5.41,40.16,74.86
24,35,46,27.99,6.18,31.08,94.35
66,11,48,33.44,6.9,28.68,82.54
63,14,80,8.96,6.76,25.07,83.76
53,19,74,37.32,6.16,41.39,31.69
66,24,38,23.44,5.65,28.79,67.65
29,16,26,30.2,5.12,18.29,60.38
67,27,23,14.86,5.8,27.48,40.25
64,34,81,9.7,7.23,26.09,77.48
15,42,46,22.86,5.1,37.7,82.08
49,44,24,22.86,5.99,40.23,66.05
50,44,32,28.41,6.49,37.67,28.92
18,36,49,25.32,5.84,18.21,40.35
20,11,36,15.07,7.46,38.68,42.8
30,19,79,25.23,6.49,23.89,84.59
69,7,41,35.88,6.18,22.85,29.99
23,15,72,23.59,6.93,19.55,28.15
56,7,35,25.51,6.46,38.63,27.64
15,39,47,35.38,6.76,39.71,40.97
16,35,37,13.32,5.78,26.91,40.45
24,39,41,15.65,6.52,36.08,78.31
31,40,31,8.23,5.56,29.16,52.02
22,11,81,20.48,7.48,40.16,45.78
17,23,50,11.67,6.05,30.93,90.69
44,42,29,30.42,5.12,26.74,91.25
41,25,87,21.62,6.91,19.79,39.72
28,21,89,28.08,5.41,27.93,29.53
50,30,85,21.2,7.19,24.98,31.69
57,6,87,8.3,5.08,31.37,82.03
35,13,45,21.86,6.57,22.32,91.81
27,27,52,16.54,7.62,34.4,76.22
66,10,88,25.03,7.97,31.3,65.47
20,19,70,31.87,7.29,23.17,40.08
56,36,62,15.24,5.38,25.99,46.52
68,7,50,20.66,6.75,25.44,55.81
31,31,69,36.77,7.52,36.88,58.32
19,31,25,28.09,5.52,34.26,58.27
29,39,84,24.61,7.88,41.58,67.71
51,34,37,32.93,5.78,37.22,57.61
44,34,41,18.57,6.84,28.42,44.88
59,24,72,12.08,6.81,25.09,34.33
72,8,48,26.38,6.69,22.19,35.97
46,39,61,14.99,6.75,38.18,41.88
55,32,73,33.8,6.47,38.29,37.38
32,39,67,33.86,7.93,20.8,69.09
71,39,74,18.82,7.1,20.21,31.06
25,20,31,22.72,7.11,25.97,92.17
19,27,26,35.53,6.16,34.06,53.22
55,12,86,25.3,7.23,33.77,88.24
73,31,71,24.29,7.33,30.18,49.48
25,36,59,13.5,7.7,28.71,75.53
45,8,35,11.97,6.07,19.03,67.62
50,27,38,18.43,5.78,21.79,86.16
54,18,34,36.05,5.34,41.51,79.92
17,41,46,30.17,6.8,19.34,42.27
71,28,56,24.65,7.89,24.11,61.28
52,28,40,18.15,6.77,41.64,80.19
72,18,50,26.35,7.4,28.07,49.84
17,17,67,32.81,5.53,36.34,69.16
50,13,41,10.49,7.61,35.12,36.74
35,13,59,13.22,5.23,26.39,54.79
59,32,36,27.02,6.49,18.41,87.46
55,25,76,35.5,6.04,23.66,40.85
55,43,71,13.52,7.95,21.35,30.74
59,6,80,28.92,6.56,19.84,93.77
36,43,26,32.25,5.71,29.63,66.59
18,15,89,21.72,5.88,29.13,68.76
49,19,52,17.57,7.43,41.46,67.49
37,19,89,22.11,7.53,23.1,54.89
20,8,22,26.89,6.33,31.57,73.47
57,15,41,36.98,5.17,33.73,76.92
62,25,76,9.28,6.19,34.29,78.14
64,11,20,13.81,6.23,38.53,56.41
46,35,60,37.28,6.84,18.58,72.93
29,39,55,29.22,7.27,36.57,75.18
54,21,57,9.14,7.05,31.0,63.21
70,23,55,17.2,5.6,23.49,68.79
26,40,78,31.93,7.81,40.31,40.93
23,18,66,9.8,6.25,23.74,87.06
33,11,22,36.44,5.53,31.64,52.7
50,38,90,27.6,6.16,27.12,67.04
68,19,41,23.94,6.66,41.48,76.31
39,9,93,12.69,7.11,23.28,47.59
33,19,54,37.21,7.82,40.94,83.52
58,8,78,21.93,6.3,26.28,89.26
24,24,38,8.29,7.72,24.07,25.87
15,38,27,9.45,5.23,39.05,51.0
71,6,91,23.11,7.17,21.2,71.87
23,20,75,23.05,7.85,29.44,34.72
