N,P,K,Moisture,pH,Temperature,Humidity,Anomali_Skoru,Durum
0.5593220338983051,0.8974358974358974,0.6756756756756758,0.7982660886962321,0.5566666666666666,0.5523134639433096,0.6861512076604257,0.17341463937527182,NORMAL (SAGLIKLI)
0.2542372881355932,0.8717948717948718,0.0945945945945946,0.075025008336112,0.1666666666666667,0.7882451021258856,0.4641989424038874,0.25830421282774113,NORMAL (SAGLIKLI)
0.9661016949152544,0.0512820512820512,0.7702702702702703,0.2520840280093364,0.3933333333333331,0.3772405168820341,0.2290981849364012,0.15461336145902002,NORMAL (SAGLIKLI)
0.7966101694915255,0.717948717948718,0.1486486486486486,0.0786928976325441,0.3433333333333332,0.0421008753647353,0.1520651707874803,0.27382835687974577,ANOMALİ (HASTA/STRES)
0.1525423728813559,0.7692307692307692,0.8513513513513514,0.5895298432810936,0.3166666666666669,0.2742809503959982,0.8113477204516222,0.15520448399924416,NORMAL (SAGLIKLI)
0.4067796610169492,1.0,0.9864864864864864,0.6598866288762919,0.3599999999999999,0.8661942476031679,0.3384307560383021,0.23084777980451307,NORMAL (SAGLIKLI)
0.1694915254237288,0.5641025641025641,0.4459459459459459,0.7639213071023674,0.3466666666666667,0.4239266360983744,0.9506931542089468,0.06095640054319932,NORMAL (SAGLIKLI)
0.8983050847457628,0.4615384615384615,0.6486486486486487,0.8489496498832945,0.8466666666666667,0.0466861192163402,0.9115335143632984,0.31007724759346195,ANOMALİ (HASTA/STRES)
0.5084745762711864,0.3333333333333333,0.6621621621621622,0.0836945648549516,0.3466666666666667,0.5548145060441849,0.5603830212948406,0.14245800845322149,NORMAL (SAGLIKLI)
0.6271186440677966,0.0769230769230769,0.2027027027027027,0.7355785261753918,0.353333333333333,0.2817840766986246,0.403172788337859,0.1613645511729041,NORMAL (SAGLIKLI)
0.3728813559322034,0.5641025641025641,0.472972972972973,0.6345448482827609,0.7966666666666664,0.5931638182576071,0.1466342718307846,0.16079488534845604,NORMAL (SAGLIKLI)
0.3728813559322034,0.2051282051282051,0.9729729729729732,0.1147049016338779,0.4733333333333331,0.1596498541058774,0.6680005716735744,0.24832750032491915,NORMAL (SAGLIKLI)
0.5593220338983051,0.2307692307692307,0.8513513513513514,0.8452817605868623,0.4433333333333333,0.7915798249270529,0.4150350150064313,0.12363636303290296,NORMAL (SAGLIKLI)
0.576271186440678,0.8205128205128205,0.7162162162162162,0.2077359119706568,0.8199999999999998,0.5160483534806168,0.2120908960983278,0.14292027581236708,NORMAL (SAGLIKLI)
0.4915254237288136,0.641025641025641,0.7972972972972973,0.7275758586195398,0.4066666666666667,0.542726135889954,0.650993282835501,0.10236816910208968,NORMAL (SAGLIKLI)
0.8305084745762712,0.4615384615384615,0.7567567567567569,0.3241080360120039,0.7166666666666668,0.630679449770738,0.1594969272545376,0.07162929685420338,NORMAL (SAGLIKLI)
0.7457627118644068,0.1025641025641025,0.3648648648648649,0.1393797932644214,0.4733333333333331,0.2984576907044602,0.1383450050021437,0.17229207925178744,NORMAL (SAGLIKLI)
0.3220338983050848,0.8974358974358974,0.7432432432432433,0.4311437145715237,0.3833333333333333,0.3630679449770737,0.5283693011290553,0.14996199923389358,NORMAL (SAGLIKLI)
0.6440677966101696,0.717948717948718,0.3513513513513514,0.0863621207069023,0.4700000000000002,0.8270112546894539,0.5076461340574532,0.15144699714183332,NORMAL (SAGLIKLI)
0.3728813559322034,0.2051282051282051,0.8108108108108109,0.13837945981994,0.8366666666666664,0.1238015839933305,0.1400600257253108,0.21493086798769503,NORMAL (SAGLIKLI)
0.5593220338983051,0.641025641025641,0.7837837837837839,0.7785928642880959,0.3066666666666666,0.0425177157148811,0.108903815921109,0.1868078530927885,NORMAL (SAGLIKLI)
0.9661016949152544,0.717948717948718,0.7837837837837839,0.5418472824274758,0.8000000000000003,0.2805335556481867,0.24010290124339,0.1968456082761286,NORMAL (SAGLIKLI)
0.423728813559322,0.3846153846153846,0.6216216216216216,0.8206068689563186,0.6766666666666667,0.3013755731554814,0.0157210232956981,0.16033771859403118,NORMAL (SAGLIKLI)
0.2372881355932203,0.5897435897435898,0.6621621621621622,0.2320773591197065,0.28,0.1671529804085035,0.9143918822352436,0.16742445080350477,NORMAL (SAGLIKLI)
0.423728813559322,0.1025641025641025,0.5405405405405406,0.0620206735578525,0.0033333333333334,0.656940391829929,0.1469201086179791,0.258194095980024,NORMAL (SAGLIKLI)
0.1186440677966101,0.7948717948717948,0.7702702702702703,0.3111037012337445,0.0266666666666668,0.798666110879533,0.4326139774188938,0.28976836489521973,ANOMALİ (HASTA/STRES)
0.5423728813559322,0.358974358974359,0.3108108108108108,0.5621873957985994,0.7866666666666666,0.464360150062526,0.7285979705588108,0.14280730455484594,NORMAL (SAGLIKLI)
0.847457627118644,0.9743589743589742,0.6351351351351352,0.5705235078359452,0.2099999999999999,0.8945393914130888,0.9129626982992712,0.2933183992099896,ANOMALİ (HASTA/STRES)
0.4576271186440678,0.0512820512820512,0.7972972972972973,0.0663554518172724,0.0433333333333334,0.0162567736556898,0.8093468629412606,0.33312097786916806,ANOMALİ (HASTA/STRES)
0.6271186440677966,0.0512820512820512,0.8378378378378378,0.2934311437145715,0.75,0.8365985827428095,0.236244104616264,0.150493365939694,NORMAL (SAGLIKLI)
0.3728813559322034,0.8717948717948718,0.7837837837837839,0.1690563521173724,0.3633333333333333,0.7373905794080866,0.412605402315278,0.2176370789280194,NORMAL (SAGLIKLI)
0.5593220338983051,0.0,0.7567567567567569,0.3274424808269423,0.1600000000000001,0.8532721967486452,0.9894240388738028,0.31276403685002657,ANOMALİ (HASTA/STRES)
0.9322033898305084,0.3076923076923077,0.0945945945945946,0.903301100366789,0.3900000000000001,0.0608586911213006,0.3532942689724167,0.23135030387844363,NORMAL (SAGLIKLI)
0.0338983050847457,0.2307692307692307,0.054054054054054,0.1483827942647548,0.4300000000000001,0.2105043768236765,0.8446477061597828,0.18804501493843273,NORMAL (SAGLIKLI)
0.847457627118644,0.1025641025641025,0.3513513513513514,0.7385795265088362,0.8933333333333331,0.1225510629428929,0.3734457624696298,0.2628670518304986,ANOMALİ (HASTA/STRES)
0.711864406779661,0.3846153846153846,0.9594594594594597,0.9619873291097032,0.5699999999999998,0.1029595664860357,0.0455909675575246,0.218536907669788,NORMAL (SAGLIKLI)
0.6610169491525424,0.4102564102564102,0.5540540540540541,0.0563521173724574,0.3999999999999999,0.2746977907461443,0.9113905959697012,0.18526699874693855,NORMAL (SAGLIKLI)
0.7796610169491525,0.282051282051282,0.7567567567567569,0.6588862954318107,0.4733333333333331,0.9791579824927052,0.7854794912105187,0.19979043860859377,NORMAL (SAGLIKLI)
0.2542372881355932,0.0769230769230769,0.5540540540540541,0.8909636545515172,0.9833333333333334,0.2780325135473114,0.9282549664141776,0.28618669526068763,ANOMALİ (HASTA/STRES)
0.1186440677966101,0.8461538461538461,0.6891891891891893,0.9243081027009,0.2766666666666668,0.3138807836598583,0.3511504930684578,0.19157144829182243,NORMAL (SAGLIKLI)
0.4745762711864406,0.4102564102564102,0.1216216216216216,0.3454484828276091,0.6866666666666665,0.3943309712380158,0.8517936258396455,0.13543075367228943,NORMAL (SAGLIKLI)
0.2542372881355932,0.3333333333333333,0.5540540540540541,0.6905635211737244,0.1500000000000001,0.7528136723634848,0.5529512648277835,0.13357562208971224,NORMAL (SAGLIKLI)
0.4576271186440678,0.1282051282051282,0.2702702702702703,0.6868956318772923,0.1766666666666667,0.6277615673197166,0.0950407317421752,0.18393879674331995,NORMAL (SAGLIKLI)
0.0847457627118644,0.717948717948718,0.6756756756756758,0.8959653217739245,0.6633333333333336,0.4668611921634014,0.0415892525368015,0.2366303070767981,NORMAL (SAGLIKLI)
0.3898305084745762,0.8205128205128205,0.5,0.1780593531177058,0.2766666666666668,0.090454355981659,0.7220237244533372,0.161607700238182,NORMAL (SAGLIKLI)
0.3898305084745762,0.0769230769230769,0.8108108108108109,0.7072357452484161,0.3999999999999999,0.3864110045852438,0.0866085465199371,0.16695509421015572,NORMAL (SAGLIKLI)
0.288135593220339,0.1282051282051282,0.2972972972972972,0.7782594198066022,0.3233333333333332,0.1954981242184243,0.8547949121051879,0.1479029147845226,NORMAL (SAGLIKLI)
0.2372881355932203,0.2051282051282051,0.6486486486486487,0.5321773924641546,0.9033333333333332,0.9824927052938724,0.950264399028155,0.29928202635935336,ANOMALİ (HASTA/STRES)
0.0338983050847457,0.2307692307692307,0.8108108108108109,0.7042347449149715,0.2766666666666668,0.640683618174239,0.8625125053594398,0.21399610714380543,NORMAL (SAGLIKLI)
0.6101694915254238,0.8461538461538461,0.1081081081081081,0.0346782260753584,0.4700000000000002,0.6907044601917465,0.4859225382306703,0.20172661584852394,NORMAL (SAGLIKLI)
0.5254237288135594,0.5641025641025641,0.1486486486486486,0.6922307435811936,0.52,0.8741142142559399,0.4369015292268114,0.1507571565170164,NORMAL (SAGLIKLI)
0.6440677966101696,0.358974358974359,0.7297297297297297,0.9776592197399132,0.3866666666666667,0.9749895789912464,0.0954694869229669,0.13050964587330724,NORMAL (SAGLIKLI)
0.728813559322034,0.4102564102564102,0.4864864864864865,0.7005668556185394,0.9566666666666666,0.7203001250521051,0.9439759897098756,0.24827070823656902,NORMAL (SAGLIKLI)
0.2711864406779661,0.3846153846153846,0.6756756756756758,0.2800933644548182,0.56,0.1917465610671114,0.8077747606116907,0.14322738316094236,NORMAL (SAGLIKLI)
0.2372881355932203,0.5384615384615384,0.1891891891891892,0.4214738246082026,0.1633333333333335,0.3588995414756148,0.3381449192511076,0.1762005369851829,NORMAL (SAGLIKLI)
0.7627118644067796,0.8717948717948718,0.4054054054054054,0.6228742914304768,0.6666666666666665,0.3876615256356814,0.958696584250393,0.19843549675224997,NORMAL (SAGLIKLI)
0.2711864406779661,0.8717948717948718,0.6351351351351352,0.199399799933311,0.0233333333333334,0.5756565235514797,0.158067743318565,0.2747012973648621,ANOMALİ (HASTA/STRES)
0.1864406779661017,0.3333333333333333,0.027027027027027,0.6625541847282428,0.4466666666666667,0.416423509795748,0.5978276404173217,0.1361911528738617,NORMAL (SAGLIKLI)
0.2711864406779661,0.3076923076923077,0.9594594594594597,0.3217739246415471,0.7200000000000002,0.0842017507294705,0.7536086894383307,0.24033463218274403,NORMAL (SAGLIKLI)
0.5084745762711864,0.7948717948717948,0.5945945945945946,0.3101033677892631,0.5800000000000001,0.1629845769070446,0.3527225953980277,0.1351941502556125,NORMAL (SAGLIKLI)
0.3389830508474576,0.4102564102564102,0.6216216216216216,0.0780260086695565,0.8000000000000003,0.8132555231346392,0.7966271259111046,0.1825220646873427,NORMAL (SAGLIKLI)
0.2203389830508474,1.0,0.9864864864864864,0.1157052350783594,0.3999999999999999,0.0662776156731972,0.1656424181792197,0.3415708246323955,ANOMALİ (HASTA/STRES)
0.3728813559322034,0.2307692307692307,0.7162162162162162,0.7622540846948982,0.9566666666666666,0.2855356398499376,0.218950978990996,0.2214712640184737,NORMAL (SAGLIKLI)
0.3220338983050848,0.0769230769230769,0.0945945945945946,1.0,0.2666666666666666,0.8120050020842016,0.5459482635415178,0.21453402037778874,NORMAL (SAGLIKLI)
0.7966101694915255,0.1538461538461538,0.9864864864864864,0.6688896298766254,0.2966666666666666,0.6986244268445183,0.709732742603973,0.2077315150166726,NORMAL (SAGLIKLI)
0.2372881355932203,0.358974358974359,0.2702702702702703,0.0036678892964321,0.4033333333333333,0.7319716548561901,0.5422323853079891,0.20088614666297538,NORMAL (SAGLIKLI)
0.1864406779661017,0.282051282051282,0.4189189189189189,0.689563187729243,0.7733333333333334,0.8207586494372654,0.4934972130913248,0.1820285595220948,NORMAL (SAGLIKLI)
0.0169491525423728,0.4615384615384615,0.8243243243243245,0.2364121373791263,0.2266666666666665,0.2709462275948311,0.6888666571387736,0.22411178249314617,NORMAL (SAGLIKLI)
0.5932203389830508,0.1282051282051282,0.918918918918919,0.8936312104034676,0.8300000000000001,0.3976656940391829,0.4247534657710447,0.21382549249152424,NORMAL (SAGLIKLI)
0.7966101694915255,0.4615384615384615,0.5,0.5921973991330443,0.2766666666666668,0.2388495206335973,0.1669286837215949,0.14422003417164284,NORMAL (SAGLIKLI)
0.9830508474576272,0.5128205128205128,0.1351351351351351,0.2160720240080026,0.9700000000000002,0.2180075031263026,0.6457053022724024,0.2101307814882992,NORMAL (SAGLIKLI)
0.3559322033898305,0.6666666666666666,0.7972972972972973,0.3441147049016338,0.5866666666666664,0.157565652355148,0.4397598970987567,0.15068908705101108,NORMAL (SAGLIKLI)
0.2711864406779661,0.1538461538461538,0.0405405405405405,0.6338779593197732,0.5699999999999998,0.7027928303459774,0.892239531227669,0.19887208044982022,NORMAL (SAGLIKLI)
0.3220338983050848,0.641025641025641,0.054054054054054,0.2137379126375458,0.0633333333333334,0.8257607336390163,0.4041732170930398,0.25034172633930196,NORMAL (SAGLIKLI)
0.4406779661016949,0.717948717948718,0.1081081081081081,0.9676558852950984,0.56,0.0379324718632764,0.2371016149778477,0.2612080151657312,ANOMALİ (HASTA/STRES)
0.847457627118644,0.4102564102564102,0.1891891891891892,0.5695231743914637,0.29,0.936223426427678,0.7693297127340288,0.23784195372284653,NORMAL (SAGLIKLI)
0.4745762711864406,0.2051282051282051,0.2432432432432433,0.9276425475158384,0.4133333333333335,0.681533972488537,0.1354866371301986,0.15394104674541925,NORMAL (SAGLIKLI)
0.3728813559322034,0.6153846153846154,0.5540540540540541,0.387129043014338,0.2466666666666668,0.0433513964151729,0.9578390738888094,0.17762978374213328,NORMAL (SAGLIKLI)
0.0338983050847457,0.9230769230769232,0.6756756756756758,0.6732244081360452,0.2933333333333334,0.7969987494789494,0.312133771616407,0.2389581029136196,NORMAL (SAGLIKLI)
0.8644067796610169,0.7948717948717948,0.472972972972973,0.6202067355785261,0.1833333333333333,0.5910796165068779,0.7406031156209802,0.1811792068688263,NORMAL (SAGLIKLI)
0.6779661016949152,0.4358974358974359,0.9594594594594597,0.3317772590863621,0.2566666666666666,0.3388912046686119,0.2872659711304845,0.15299696378462949,NORMAL (SAGLIKLI)
0.6271186440677966,0.8717948717948718,0.7432432432432433,0.5081693897965986,0.81,0.1517298874531054,0.6604258968129197,0.22736098219627318,NORMAL (SAGLIKLI)
0.0169491525423728,0.3846153846153846,0.3108108108108108,0.592864288096032,0.5066666666666664,0.3755731554814507,0.5573817350292984,0.13416051084905253,NORMAL (SAGLIKLI)
0.1016949152542373,0.9230769230769232,0.1216216216216216,0.7092364121373791,0.6333333333333333,0.6715298040850353,0.8679434043161354,0.14161254351437963,NORMAL (SAGLIKLI)
0.2372881355932203,1.0,0.6891891891891893,0.0576858952984328,0.7266666666666666,0.6056690287619841,0.4460483064170358,0.20249040701351717,NORMAL (SAGLIKLI)
0.1864406779661017,0.4615384615384615,0.0945945945945946,0.663554518172724,0.6266666666666665,0.7965819091288036,0.7173074174646277,0.16006416374324323,NORMAL (SAGLIKLI)
0.1016949152542373,0.6153846153846154,0.9864864864864864,0.543514504834945,0.6733333333333333,0.145477282200917,0.275260826068315,0.25400064944493267,NORMAL (SAGLIKLI)
0.4576271186440678,0.2307692307692307,0.5405405405405406,0.606535511837279,0.6699999999999999,0.4372655273030428,0.93854509075318,0.16658765262994232,NORMAL (SAGLIKLI)
0.8983050847457628,0.3076923076923077,0.1621621621621621,0.5658552850950316,0.6299999999999999,0.5410587744893705,0.4493354294697728,0.15969321062833552,NORMAL (SAGLIKLI)
0.7796610169491525,0.4871794871794872,0.0405405405405405,0.1707235745248415,0.08,0.8728636932055021,0.2452479634128913,0.2727238575692056,ANOMALİ (HASTA/STRES)
0.2372881355932203,0.0256410256410256,0.8648648648648648,0.0043347782594198,0.2666666666666666,0.236348478532722,0.7340288695155066,0.31157792005001184,ANOMALİ (HASTA/STRES)
0.3220338983050848,0.2564102564102564,0.3243243243243243,0.4574858286095364,0.7799999999999998,0.574406002501042,0.8975275117907675,0.16194352745664123,NORMAL (SAGLIKLI)
0.1016949152542373,0.2051282051282051,0.3108108108108108,0.7519173057685895,0.7200000000000002,0.3076281784076697,0.1219093897384593,0.24989093320333108,NORMAL (SAGLIKLI)
1.0,0.3333333333333333,0.6216216216216216,0.6002000666888962,0.6233333333333335,0.964568570237599,0.3647277404601972,0.1460381249735853,NORMAL (SAGLIKLI)
0.1525423728813559,0.8461538461538461,0.2162162162162162,0.5738579526508836,0.02,0.2342642767819925,0.6658567957696153,0.15109357697382136,NORMAL (SAGLIKLI)
0.8305084745762712,0.2051282051282051,0.9054054054054054,0.2484161387129042,0.9300000000000002,0.3463943309712378,0.6162641131913678,0.19641983842828356,NORMAL (SAGLIKLI)
0.135593220338983,0.3076923076923077,0.0135135135135134,0.0516838946315438,0.4533333333333336,0.0179241350562734,0.3480062884093183,0.2869044026193292,ANOMALİ (HASTA/STRES)
0.3050847457627118,0.4102564102564102,0.8108108108108109,0.2870956985661887,0.03,0.7257190496040016,0.9606974417607546,0.2659666345286234,ANOMALİ (HASTA/STRES)
0.0338983050847457,0.6153846153846154,0.8378378378378378,0.0390130043347782,0.0433333333333334,0.6840350145894121,0.0393025582392453,0.3482998328196389,ANOMALİ (HASTA/STRES)
0.3728813559322034,0.7435897435897436,0.2972972972972972,0.4644881627209069,0.8633333333333333,0.7674030846185909,0.9245390881806488,0.170473044793704,NORMAL (SAGLIKLI)
0.7796610169491525,1.0,0.5540540540540541,0.5161720573524509,0.7799999999999998,0.0887869945810754,0.8512219522652564,0.2709752885704462,ANOMALİ (HASTA/STRES)
0.711864406779661,0.282051282051282,0.3648648648648649,0.0706902300766921,0.4933333333333336,0.8328470195914963,0.5736744318993856,0.17397835665456446,NORMAL (SAGLIKLI)
0.6779661016949152,0.5128205128205128,0.7567567567567569,0.916972324108036,0.3466666666666667,0.2359316381825761,0.2263827354580534,0.1297188009844844,NORMAL (SAGLIKLI)
0.5254237288135594,0.0769230769230769,0.8513513513513514,0.4638212737579192,0.1100000000000001,0.7724051688203417,0.8695155066457052,0.2763959399150863,ANOMALİ (HASTA/STRES)
0.5254237288135594,0.7435897435897436,0.0,0.7972657552517506,0.96,0.1675698207586494,0.1946548520794627,0.31401977540720927,ANOMALİ (HASTA/STRES)
0.5932203389830508,0.0512820512820512,0.9054054054054054,0.8509503167722574,0.5933333333333333,0.4789495623176323,0.1556381306274116,0.15834934973435214,NORMAL (SAGLIKLI)
0.423728813559322,0.7692307692307692,0.081081081081081,0.0143381127042347,0.6133333333333333,0.8991246352646936,0.2798342146634272,0.23267203019231691,NORMAL (SAGLIKLI)
0.2372881355932203,0.641025641025641,0.5,0.1427142380793597,0.2333333333333334,0.031679866611088,0.7637558953837358,0.15825395608724602,NORMAL (SAGLIKLI)
0.8644067796610169,0.0256410256410256,0.4864864864864865,0.1637212404134711,0.1200000000000001,0.2180075031263026,0.1966557095898242,0.23375549522922934,NORMAL (SAGLIKLI)
0.9661016949152544,0.0512820512820512,0.5405405405405406,0.6362120706902299,0.32,0.2530220925385578,0.687866228383593,0.22715437039353698,NORMAL (SAGLIKLI)
0.8983050847457628,0.9487179487179488,0.0,0.3687895965321773,0.896666666666667,0.6865360566902876,0.4897813348577962,0.28028951306717226,ANOMALİ (HASTA/STRES)
0.5932203389830508,0.5897435897435898,0.6216216216216216,0.9093031010336778,0.04,0.4314297624010004,0.407603258539374,0.1256991204395649,NORMAL (SAGLIKLI)
0.4915254237288136,0.8205128205128205,0.5945945945945946,0.8559519839946648,0.7633333333333332,0.5506461025427261,0.879948549378305,0.2115252570425861,NORMAL (SAGLIKLI)
0.847457627118644,0.4615384615384615,0.2162162162162162,0.3601200400133377,0.7266666666666666,0.1071279699874948,0.2458196369872803,0.18234054995769616,NORMAL (SAGLIKLI)
0.1186440677966101,0.6666666666666666,0.5540540540540541,0.4164721573857952,0.0566666666666666,0.9487286369320548,0.7327426039731313,0.21059497349607118,NORMAL (SAGLIKLI)
0.1864406779661017,0.1538461538461538,0.2837837837837837,0.7152384128042679,0.1633333333333335,0.0754481033764068,0.5456624267543233,0.20117929154265618,NORMAL (SAGLIKLI)
0.6440677966101696,0.0512820512820512,0.0135135135135134,0.8539513171057018,0.4599999999999999,0.047519799916632,0.8512219522652564,0.30076392230085247,ANOMALİ (HASTA/STRES)
0.2711864406779661,0.641025641025641,0.8513513513513514,0.6768922974324774,0.9733333333333332,0.5206335973322216,0.8516507074460482,0.22180575314405002,NORMAL (SAGLIKLI)
0.6610169491525424,0.9487179487179488,0.5135135135135135,0.4894964988329442,0.7233333333333332,0.9095456440183408,0.1007574674860654,0.21235983865103633,NORMAL (SAGLIKLI)
0.1694915254237288,0.1282051282051282,0.0675675675675675,0.5525175058352783,0.7166666666666668,0.6352646936223427,0.3698728026296984,0.23420966394964496,NORMAL (SAGLIKLI)
0.0508474576271186,0.8205128205128205,0.918918918918919,0.0566855618539512,0.7866666666666666,0.4518549395581492,0.9334000285836784,0.19789060389988014,NORMAL (SAGLIKLI)
0.0508474576271186,0.717948717948718,0.5675675675675677,0.266755585195065,0.8833333333333333,0.1333889120466861,0.2556810061454909,0.23904261216698577,NORMAL (SAGLIKLI)
0.7966101694915255,0.5128205128205128,0.7567567567567569,0.0426808936312103,0.3966666666666669,0.6790329303876614,0.759325425182221,0.18893305412662223,NORMAL (SAGLIKLI)
0.6949152542372882,0.7948717948717948,0.5675675675675677,0.2414138046015337,0.1266666666666667,0.3330554397665692,0.3074174646276976,0.19343815498320557,NORMAL (SAGLIKLI)
0.576271186440678,0.9743589743589742,0.4054054054054054,0.3501167055685227,0.07,0.963734889537307,0.914534800628841,0.27509163346923743,ANOMALİ (HASTA/STRES)
0.7627118644067796,0.0256410256410256,0.7162162162162162,0.9776592197399132,0.8799999999999999,0.7215506461025427,0.8616549949978562,0.29823280086316595,ANOMALİ (HASTA/STRES)
0.3050847457627118,0.6923076923076923,0.3513513513513514,0.2394131377125708,0.0066666666666665,0.3726552730304293,0.4224667714734886,0.1776564051637992,NORMAL (SAGLIKLI)
0.847457627118644,0.4358974358974359,0.2162162162162162,0.3384461487162386,0.0833333333333334,0.3388912046686119,0.8146348435043591,0.2337510319915574,NORMAL (SAGLIKLI)
0.7627118644067796,0.0256410256410256,0.2297297297297297,0.9343114371457152,0.06,0.8095039599833265,0.8173502929827068,0.29887753219920227,ANOMALİ (HASTA/STRES)
0.0677966101694915,0.9487179487179488,0.0675675675675675,0.0073357785928643,0.9166666666666664,0.7203001250521051,0.7774760611690723,0.19144485226367508,NORMAL (SAGLIKLI)
0.847457627118644,0.8205128205128205,0.6891891891891893,0.5525175058352783,0.2366666666666668,0.6202584410170906,0.7534657710447334,0.21365102236718572,NORMAL (SAGLIKLI)
0.3220338983050848,0.9743589743589742,0.9324324324324326,0.8196065355118372,0.9166666666666664,0.0846185910796165,0.204944976418465,0.35359771811801527,ANOMALİ (HASTA/STRES)
0.9491525423728812,0.9230769230769232,0.2567567567567568,0.9976658886295432,0.6966666666666668,0.5506461025427261,0.9818493640131484,0.3072912717999175,ANOMALİ (HASTA/STRES)
0.5932203389830508,0.2564102564102564,0.4054054054054054,0.2377459153051016,0.5966666666666667,0.7303042934556065,0.9798485065027868,0.16333277735792098,NORMAL (SAGLIKLI)
0.1016949152542373,0.4615384615384615,0.945945945945946,0.6032010670223407,0.1,0.4839516465193829,0.5173645848220667,0.18409659648123136,NORMAL (SAGLIKLI)
0.5084745762711864,0.4358974358974359,0.3648648648648649,0.213404468156052,0.353333333333333,0.6481867444768652,0.9522652565385166,0.1596020512902637,NORMAL (SAGLIKLI)
0.8813559322033899,0.8974358974358974,0.8648648648648648,0.0020006668889629,0.2300000000000002,0.1108795331388078,0.3169929969987137,0.2820055206709102,ANOMALİ (HASTA/STRES)
0.6779661016949152,0.8205128205128205,0.4324324324324324,0.7479159719906634,0.0833333333333334,0.1012922050854522,0.0135772473917393,0.26120751213788845,ANOMALİ (HASTA/STRES)
0.9661016949152544,0.2307692307692307,0.4594594594594595,0.8619539846615538,0.4966666666666666,0.0458524385160484,0.9105330856081176,0.2804798067031005,ANOMALİ (HASTA/STRES)
0.1186440677966101,0.5128205128205128,0.4189189189189189,0.5501833944648216,0.3900000000000001,0.9983326385994165,0.1733600114334715,0.20425994262175867,NORMAL (SAGLIKLI)
0.8813559322033899,0.1282051282051282,0.8243243243243245,0.2797599199733244,0.4399999999999999,0.0975406419341392,0.7318850936115477,0.2502609398724724,NORMAL (SAGLIKLI)
0.1694915254237288,0.641025641025641,0.8513513513513514,0.2840946982327442,0.9733333333333332,0.7198832847019592,0.5649564098899529,0.21521914478115228,NORMAL (SAGLIKLI)
0.1694915254237288,0.4871794871794872,0.081081081081081,0.6868956318772923,0.3999999999999999,0.0850354314297623,0.8485065027869085,0.11569791388158426,NORMAL (SAGLIKLI)
0.8644067796610169,0.4102564102564102,0.2432432432432433,0.7812604201400466,0.1900000000000001,0.3459774906210922,0.403172788337859,0.1581855591405056,NORMAL (SAGLIKLI)
0.9491525423728812,0.7692307692307692,0.0945945945945946,0.341780593531177,0.4199999999999999,0.1117132138390996,0.8086322709732743,0.24557402706112993,NORMAL (SAGLIKLI)
0.7627118644067796,0.717948717948718,0.5,0.5235078359453149,0.2300000000000002,0.41725719049604,0.0162926968700871,0.18459920018400183,NORMAL (SAGLIKLI)
0.6101694915254238,0.1794871794871795,0.2567567567567568,0.8332777592530844,0.2633333333333334,0.4956231763234682,0.7268829498356439,0.155487316189953,NORMAL (SAGLIKLI)
0.4915254237288136,0.3846153846153846,0.4594594594594595,0.5948649549849949,0.603333333333333,0.9412255106294288,0.7568958124910676,0.148270976971942,NORMAL (SAGLIKLI)
0.423728813559322,1.0,0.2432432432432433,0.1950650216738912,0.7133333333333334,0.2967903293038767,0.109475489495498,0.20634190318964216,NORMAL (SAGLIKLI)
0.3050847457627118,0.641025641025641,0.8243243243243245,0.2644214738246082,0.8033333333333332,0.5710712796998749,0.7709018150635987,0.15691975583404455,NORMAL (SAGLIKLI)
0.3728813559322034,0.8717948717948718,0.7432432432432433,0.831943981327109,0.5100000000000002,0.8641100458524382,0.5993997427468916,0.17868625888777576,NORMAL (SAGLIKLI)
0.7627118644067796,0.3333333333333333,0.2432432432432433,0.3151050350116705,0.0933333333333334,0.9349729053772404,0.6115478062026583,0.26157136667956166,ANOMALİ (HASTA/STRES)
0.3389830508474576,0.5128205128205128,0.8243243243243245,0.7182394131377123,0.7933333333333334,0.8395164651938307,0.3334286122623982,0.19007297143358695,NORMAL (SAGLIKLI)
0.1016949152542373,0.5897435897435898,0.9729729729729732,0.1040346782260753,0.7733333333333334,0.9641517298874532,0.0090038587966271,0.3065406638437187,ANOMALİ (HASTA/STRES)
0.8305084745762712,0.4102564102564102,0.1081081081081081,0.6602200733577859,0.6133333333333333,0.2588578574406002,0.8253537230241532,0.23438495114917507,NORMAL (SAGLIKLI)
0.2372881355932203,0.9743589743589742,0.2027027027027027,0.0260086695565188,0.9933333333333336,0.665277198832847,0.4054594826354152,0.22876589991219734,NORMAL (SAGLIKLI)
0.7966101694915255,0.6923076923076923,0.5270270270270271,0.3567855951983994,0.353333333333333,0.0883701542309296,0.8720880377304558,0.2059631041242997,NORMAL (SAGLIKLI)
0.7627118644067796,0.4871794871794872,0.7162162162162162,0.1663887962654218,0.853333333333333,0.1800750312630262,0.223381449192511,0.1087114086192197,NORMAL (SAGLIKLI)
0.5932203389830508,0.641025641025641,0.8783783783783784,0.4401467155718572,0.73,0.2909545644018341,0.0954694869229669,0.18649204785709636,NORMAL (SAGLIKLI)
0.423728813559322,0.9487179487179488,0.6216216216216216,0.6862287429143046,0.3999999999999999,0.9929137140475196,0.6592825496641417,0.17560269271343423,NORMAL (SAGLIKLI)
0.2542372881355932,0.0769230769230769,0.3513513513513514,0.1673891297099032,0.2200000000000002,0.5093789078782824,0.2263827354580534,0.23909100797597502,NORMAL (SAGLIKLI)
0.0338983050847457,0.3076923076923077,0.0945945945945946,0.2184061353784595,0.5166666666666666,0.7390579408086702,0.6124053165642418,0.209089379806181,NORMAL (SAGLIKLI)
0.5254237288135594,0.5128205128205128,0.054054054054054,0.383127709236412,0.9466666666666668,0.8074197582325968,0.4426182649707017,0.19409336989689677,NORMAL (SAGLIKLI)
0.5254237288135594,0.1282051282051282,0.3648648648648649,0.6335445148382792,0.7399999999999998,0.3380575239683201,0.4297556095469486,0.1587240519941863,NORMAL (SAGLIKLI)
0.3728813559322034,0.7435897435897436,0.8378378378378378,0.4841613871290429,0.1600000000000001,0.6736140058357647,0.0145776761469201,0.24636636627941513,NORMAL (SAGLIKLI)
0.7966101694915255,0.3846153846153846,0.1081081081081081,0.2387462487495831,0.6000000000000001,0.937473947478116,0.7527511790767472,0.21654139235155265,NORMAL (SAGLIKLI)
0.2033898305084746,0.0256410256410256,0.2162162162162162,0.8792930976992328,0.2266666666666665,0.0571071279699875,0.7470344433328568,0.19872838802370166,NORMAL (SAGLIKLI)
0.6610169491525424,0.7692307692307692,0.2027027027027027,0.029676558852951,0.7466666666666666,0.4906210921217173,0.2505359439759897,0.13227804154399317,NORMAL (SAGLIKLI)
0.5254237288135594,0.8974358974358974,0.6621621621621622,0.5311770590196732,0.8766666666666665,0.1629845769070446,0.7866228383592968,0.23161470896194156,NORMAL (SAGLIKLI)
0.2203389830508474,0.0769230769230769,0.3648648648648649,0.3191063687895965,0.1766666666666667,0.3534806169237181,0.6355580963269973,0.19149429508978,NORMAL (SAGLIKLI)
0.5084745762711864,0.2564102564102564,0.0675675675675675,0.1563854618206068,0.0266666666666668,0.4852021675698208,0.0384450478776618,0.27992560804786176,ANOMALİ (HASTA/STRES)
0.3728813559322034,0.4615384615384615,0.3243243243243243,0.9196398799599864,0.7166666666666668,0.0666944560233431,0.953551522080892,0.212099207549512,NORMAL (SAGLIKLI)
0.7796610169491525,0.3333333333333333,0.0945945945945946,0.0673557852617539,0.6266666666666665,0.1588161734055856,0.7834786337001571,0.19951610435295988,NORMAL (SAGLIKLI)
0.2203389830508474,0.1025641025641025,0.2702702702702703,0.416805601867289,0.81,0.7461442267611504,0.996141203372874,0.23790626483659863,NORMAL (SAGLIKLI)
0.8813559322033899,0.3076923076923077,0.027027027027027,0.8389463154384793,0.1299999999999999,0.2192580241767403,0.8969558382163783,0.2891497598791241,ANOMALİ (HASTA/STRES)
0.9152542372881356,0.1025641025641025,0.7027027027027027,0.3751250416805601,0.3266666666666669,0.0912880366819508,0.3394311847934829,0.1892968145881207,NORMAL (SAGLIKLI)
0.3220338983050848,0.0256410256410256,0.9594594594594597,0.280426808936312,0.7533333333333334,0.1696540225093789,0.5905388023438616,0.25945474300394117,NORMAL (SAGLIKLI)
0.847457627118644,0.1794871794871795,0.7837837837837839,0.8922974324774924,0.9266666666666667,0.7052938724468529,0.5382306702872659,0.2309579318055606,NORMAL (SAGLIKLI)
0.8135593220338984,0.6153846153846154,0.3918918918918919,0.0410136712237412,0.7466666666666666,0.4460191746561066,0.5695297984850651,0.07201366391274015,NORMAL (SAGLIKLI)
0.3728813559322034,1.0,0.027027027027027,0.3957985995331777,0.4499999999999997,0.7002917882451019,0.7193082749749893,0.1682551287924763,NORMAL (SAGLIKLI)
0.4576271186440678,0.7435897435897436,0.7027027027027027,0.6845615205068356,0.79,0.6544393497290539,0.4807774760611691,0.15725240776893218,NORMAL (SAGLIKLI)
0.7457627118644068,0.3846153846153846,1.0,0.1533844614871623,0.1966666666666667,0.5218841183826595,0.987709018150636,0.27035841731289156,ANOMALİ (HASTA/STRES)
0.6949152542372882,0.7692307692307692,0.8648648648648648,0.8719573191063688,0.5066666666666664,0.9787411421425593,0.1660711733600114,0.20651920552753136,NORMAL (SAGLIKLI)
0.3898305084745762,0.8205128205128205,0.1756756756756756,0.6932310770256751,0.9466666666666668,0.2709462275948311,0.7265971130484492,0.19523489284795542,NORMAL (SAGLIKLI)
0.4406779661016949,0.0256410256410256,0.7432432432432433,0.1100366788929643,0.69,0.1734055856606919,0.318279262541089,0.1794404535731605,NORMAL (SAGLIKLI)
0.9322033898305084,0.5384615384615384,0.5540540540540541,0.7612537512504167,0.0866666666666666,0.4476865360566902,0.9183935972559668,0.19920531318407445,NORMAL (SAGLIKLI)
0.0338983050847457,0.4358974358974359,0.3648648648648649,0.734911637212404,0.52,0.6548561900791996,0.6621409175360868,0.11791956062437611,NORMAL (SAGLIKLI)
0.3898305084745762,0.1794871794871795,0.0945945945945946,0.7325775258419471,0.2099999999999999,0.6602751146310963,0.2439616978705158,0.1857985777462672,NORMAL (SAGLIKLI)
0.9152542372881356,0.5897435897435898,0.7972972972972973,0.1663887962654218,0.0166666666666666,0.5698207586494373,0.5123624410461627,0.22776696807901725,NORMAL (SAGLIKLI)
0.288135593220339,0.5128205128205128,0.7162162162162162,0.2680893631210403,0.1433333333333333,0.4852021675698208,0.9128197799056736,0.17840383993230083,NORMAL (SAGLIKLI)
0.7627118644067796,0.2051282051282051,0.918918918918919,0.75891963987996,0.0233333333333334,0.0896206752813671,0.8572245247963413,0.3121141890668769,ANOMALİ (HASTA/STRES)
0.9491525423728812,0.8461538461538461,0.2567567567567568,0.2917639213071023,0.1999999999999999,0.1558982909545643,0.0967557524653422,0.29695129403403697,ANOMALİ (HASTA/STRES)
0.9322033898305084,0.282051282051282,0.7432432432432433,0.3717905968656218,0.0533333333333334,0.4114214255939974,0.0095755323710161,0.2084127313295522,NORMAL (SAGLIKLI)
0.5423728813559322,0.4358974358974359,0.5540540540540541,0.7385795265088362,0.3066666666666666,0.5402250937890787,0.2558239245390881,0.043636483202178986,NORMAL (SAGLIKLI)
0.7966101694915255,0.2051282051282051,0.7432432432432433,0.1573857952650883,0.9833333333333334,0.3463943309712378,0.7468915249392596,0.19045062473912802,NORMAL (SAGLIKLI)
0.9491525423728812,0.8717948717948718,0.8648648648648648,0.5498499499833276,0.9233333333333332,0.3872446852855356,0.2202372445333715,0.23498397716374628,NORMAL (SAGLIKLI)
0.6271186440677966,0.4871794871794872,0.6351351351351352,0.2234078026008669,0.6600000000000001,0.6586077532305126,0.7553237101614978,0.10479668978425746,NORMAL (SAGLIKLI)
0.4576271186440678,0.3076923076923077,0.4864864864864865,0.4711570523507835,0.8866666666666667,0.4893705710712797,0.8110618836644277,0.1467025372344423,NORMAL (SAGLIKLI)
0.3559322033898305,0.8717948717948718,0.7972972972972973,0.1160386795598533,0.8700000000000001,0.4118382659441433,0.539374017436044,0.15345554571789127,NORMAL (SAGLIKLI)
0.3559322033898305,0.0512820512820512,0.8243243243243245,0.2584194731577192,0.94,0.0562734472696957,0.9441189081034728,0.3076867219817225,ANOMALİ (HASTA/STRES)
0.5593220338983051,0.0,0.5945945945945946,0.2954318106035344,0.24,0.3393080450187578,0.4423324281835072,0.18010657650683554,NORMAL (SAGLIKLI)
0.5084745762711864,0.641025641025641,0.027027027027027,0.8229409803267755,0.2600000000000002,0.7236348478532721,0.1859368300700301,0.18650526980571144,NORMAL (SAGLIKLI)
0.7457627118644068,0.8717948717948718,0.7297297297297297,0.993997999333111,0.25,0.6202584410170906,0.3524367586108333,0.17034472631971617,NORMAL (SAGLIKLI)
0.0508474576271186,0.6666666666666666,0.3513513513513514,0.4971657219073024,0.1600000000000001,0.0254272613588995,0.9852794054594828,0.15010271691926633,NORMAL (SAGLIKLI)
0.423728813559322,0.0256410256410256,0.1486486486486486,0.0076692230743581,0.4966666666666666,0.8962067528136723,0.983421466342718,0.27576600902528176,ANOMALİ (HASTA/STRES)
0.6440677966101696,0.2051282051282051,0.7432432432432433,0.9179726575525176,0.4433333333333333,0.8003334722801168,0.9516935829641272,0.23436271092329428,NORMAL (SAGLIKLI)
0.7966101694915255,0.6666666666666666,0.6486486486486487,0.2270756918972991,0.25,0.1763234681117133,0.1689295412319565,0.19253814042287118,NORMAL (SAGLIKLI)
0.2203389830508474,0.8461538461538461,0.8243243243243245,0.361453817939313,0.7666666666666666,0.8932888703626509,0.5109332571101901,0.23423300159097465,NORMAL (SAGLIKLI)
0.4576271186440678,0.5897435897435898,0.7567567567567569,0.3127709236412136,0.0966666666666666,0.7769904126719467,0.7237387451765043,0.2030900250321376,NORMAL (SAGLIKLI)
0.3898305084745762,0.5897435897435898,0.7702702702702703,0.6675558519506501,0.9166666666666664,0.8707794914547728,0.5983993139917108,0.22316754031933098,NORMAL (SAGLIKLI)
0.1864406779661017,0.0,0.1351351351351351,0.4244748249416472,0.5566666666666666,0.9174656106711128,0.3470058596541375,0.2723121912769028,ANOMALİ (HASTA/STRES)
0.6271186440677966,0.2564102564102564,0.6081081081081081,0.0643547849283094,0.4933333333333336,0.0441850771154647,0.0717450335858225,0.18415417359988678,NORMAL (SAGLIKLI)
0.0169491525423728,0.2564102564102564,0.4864864864864865,0.6095365121707235,0.25,0.8987077949145477,0.7153065599542661,0.19989800665543894,NORMAL (SAGLIKLI)
0.1525423728813559,0.6923076923076923,0.5675675675675677,0.2834278092697566,0.32,0.5560650270946228,0.1134772045162212,0.20425804028206493,NORMAL (SAGLIKLI)
0.3050847457627118,0.1538461538461538,0.027027027027027,0.948316105368456,0.1766666666666667,0.5685702375989996,0.3957410318708018,0.19041800177869256,NORMAL (SAGLIKLI)
0.135593220338983,0.4358974358974359,0.918918918918919,0.7345781927309103,0.3700000000000001,0.5068778657774071,0.7821923681577818,0.1471691614652883,NORMAL (SAGLIKLI)
0.6271186440677966,0.4358974358974359,0.5,0.7805935311770589,0.9433333333333334,0.9553980825343892,0.7991996569958555,0.23700513291835226,NORMAL (SAGLIKLI)
0.5254237288135594,0.5128205128205128,0.6891891891891893,0.8156052017339113,0.7733333333333334,0.7732388495206335,0.6948692296698584,0.178044695207167,NORMAL (SAGLIKLI)
0.4067796610169492,0.4358974358974359,0.6486486486486487,0.1033677892630876,0.2566666666666666,0.6015006252605251,0.5536658567957695,0.15045183525888858,NORMAL (SAGLIKLI)
0.0169491525423728,0.4871794871794872,0.4054054054054054,0.2954318106035344,0.896666666666667,0.7774072530220923,0.5476632842646849,0.18872475035384523,NORMAL (SAGLIKLI)
0.5084745762711864,0.9230769230769232,0.8243243243243245,0.0300100033344448,0.4066666666666667,0.4593580658607752,0.2342432471059025,0.21259587798301732,NORMAL (SAGLIKLI)
0.8305084745762712,0.7435897435897436,0.8243243243243245,0.0566855618539512,0.7433333333333336,0.3372238432680283,0.749892811204802,0.15992096444734646,NORMAL (SAGLIKLI)
0.9830508474576272,0.1794871794871795,0.2837837837837837,0.2977659219739912,0.8700000000000001,0.5994164235097958,0.8130627411747893,0.24557708877550108,NORMAL (SAGLIKLI)
0.3728813559322034,0.4102564102564102,0.918918918918919,0.9016338779593196,0.853333333333333,0.8286786160900375,0.9395455195083606,0.27827164926024345,ANOMALİ (HASTA/STRES)
0.6271186440677966,0.8974358974358974,0.5810810810810811,0.6745581860620207,0.1666666666666667,0.0112546894539391,0.2182363870230099,0.23973866648738368,NORMAL (SAGLIKLI)
0.3389830508474576,0.7435897435897436,0.2702702702702703,0.6818939646548849,0.9966666666666666,0.7911629845769068,0.8822352436758609,0.2120759718374341,NORMAL (SAGLIKLI)
0.7627118644067796,0.5128205128205128,0.4864864864864865,0.383127709236412,0.0133333333333334,0.0483534806169237,0.4870658853794483,0.19585952650371102,NORMAL (SAGLIKLI)
0.8813559322033899,0.358974358974359,0.4864864864864865,0.4898299433144381,0.8066666666666666,0.6360983743226343,0.7859082463913105,0.19096211468906982,NORMAL (SAGLIKLI)
0.8135593220338984,0.6923076923076923,0.8513513513513514,0.3131043681227075,0.3500000000000001,0.2776156731971655,0.704730598828069,0.21024821961836526,NORMAL (SAGLIKLI)
0.5932203389830508,0.5641025641025641,0.2432432432432433,0.3477825941980659,0.2600000000000002,0.1579824927052938,0.8739459768472202,0.16650313499857053,NORMAL (SAGLIKLI)
0.0847457627118644,0.5897435897435898,0.8243243243243245,0.8966322107369122,0.28,0.1525635681533972,0.282549664141775,0.21165080986960919,NORMAL (SAGLIKLI)
0.5593220338983051,0.7692307692307692,0.3513513513513514,0.8469489829943313,0.0066666666666665,0.4568570237598999,0.0155781049021009,0.20794859149156147,NORMAL (SAGLIKLI)
0.6610169491525424,0.4102564102564102,0.5,0.0380126708902967,0.6833333333333331,0.5418924551896622,0.5459482635415178,0.05663693345860341,NORMAL (SAGLIKLI)
0.1525423728813559,0.6923076923076923,0.7702702702702703,0.6518839613204401,0.7666666666666666,0.1834097540641933,0.048592253823067,0.2775541973960775,ANOMALİ (HASTA/STRES)
0.288135593220339,0.6153846153846154,0.0675675675675675,0.6122040680226741,0.5899999999999999,0.7961650687786577,0.1909389738459339,0.2067944435834109,NORMAL (SAGLIKLI)
0.576271186440678,0.3076923076923077,0.3108108108108108,0.663887962654218,0.6266666666666665,0.2842851187994997,0.4410461626411319,0.13316922485250451,NORMAL (SAGLIKLI)
0.711864406779661,0.5384615384615384,0.3513513513513514,0.5865288429476492,0.5566666666666666,0.6902876198416008,0.2558239245390881,0.11158257037810049,NORMAL (SAGLIKLI)
0.1525423728813559,0.5897435897435898,0.4189189189189189,0.266755585195065,0.4499999999999997,0.7073780741975821,0.892239531227669,0.1213360349796564,NORMAL (SAGLIKLI)
0.9322033898305084,0.9230769230769232,0.6486486486486487,0.9586528842947648,0.3933333333333331,0.9820758649437265,0.3267114477633271,0.21840059571774892,NORMAL (SAGLIKLI)
0.5932203389830508,0.7948717948717948,0.8783783783783784,0.918972990996999,0.8799999999999999,0.1288036681950812,0.5069315420894669,0.2776584693826694,ANOMALİ (HASTA/STRES)
0.6779661016949152,0.3076923076923077,0.1081081081081081,0.1060353451150383,0.7333333333333334,0.9495623176323468,0.0644561955123624,0.20356766727010012,NORMAL (SAGLIKLI)
0.9830508474576272,0.717948717948718,0.6891891891891893,0.0226742247415805,0.6866666666666665,0.7203001250521051,0.5035015006431327,0.16106466633312808,NORMAL (SAGLIKLI)
0.6949152542372882,0.717948717948718,0.5405405405405406,0.2084028009336445,0.7333333333333334,0.2013338891204668,0.5107903387165929,0.10527153948149127,NORMAL (SAGLIKLI)
0.423728813559322,0.4615384615384615,0.081081081081081,0.0596865621873957,0.353333333333333,0.0283451438099208,0.925825353723024,0.20594212750152158,NORMAL (SAGLIKLI)
0.3220338983050848,0.7948717948717948,0.9864864864864864,0.0073357785928643,0.8333333333333335,0.1892455189662358,0.6812919822781192,0.19677759453162494,NORMAL (SAGLIKLI)
0.9322033898305084,0.9743589743589742,0.1621621621621621,0.312104034678226,0.2733333333333334,0.3493122134222592,0.6457053022724024,0.22642255922161506,NORMAL (SAGLIKLI)
0.9830508474576272,0.5641025641025641,0.0,0.9263087695898632,0.5500000000000003,0.0370987911629846,0.3371444904959268,0.29512485187432774,ANOMALİ (HASTA/STRES)
0.847457627118644,0.9487179487179488,0.2972972972972972,0.94431477159053,0.2933333333333334,0.857440600250104,0.6351293411462056,0.24430611423344956,NORMAL (SAGLIKLI)
0.423728813559322,0.1794871794871795,0.945945945945946,0.7392464154718239,0.853333333333333,0.2034180908711963,0.0127197370301557,0.26434115314417106,ANOMALİ (HASTA/STRES)
0.3559322033898305,1.0,0.6891891891891893,0.2220740246748916,0.8133333333333335,0.149645685702376,0.8512219522652564,0.17907930746599057,NORMAL (SAGLIKLI)
0.3559322033898305,0.6666666666666666,0.0405405405405405,0.0410136712237412,0.3599999999999999,0.8770320967069611,0.0791767900528798,0.29835320063184173,ANOMALİ (HASTA/STRES)
0.2542372881355932,0.4102564102564102,0.8378378378378378,0.8149383127709235,0.3333333333333335,0.5039599833263859,0.8636558525082176,0.12240931039141383,NORMAL (SAGLIKLI)
0.9152542372881356,0.1282051282051282,0.2297297297297297,0.6055351783927976,0.5,0.4756148395164652,0.799628412176647,0.2146971079906561,NORMAL (SAGLIKLI)
0.2372881355932203,1.0,0.5540540540540541,0.2774258086028676,0.603333333333333,0.2038349312213422,0.3915963984564812,0.1785822985216723,NORMAL (SAGLIKLI)
0.3728813559322034,0.2051282051282051,0.5540540540540541,0.1687229076358786,0.52,0.9862442684451852,0.1959411176218379,0.19724166720911848,NORMAL (SAGLIKLI)
0.9491525423728812,0.9230769230769232,0.945945945945946,0.6972324108036012,0.2099999999999999,0.4489370571071278,0.9069601257681864,0.3022279607997412,ANOMALİ (HASTA/STRES)
0.135593220338983,0.8974358974358974,0.1351351351351351,0.9339779926642212,0.2566666666666666,0.5248020008336807,0.9694154637701872,0.08642240602617682,NORMAL (SAGLIKLI)
0.3389830508474576,0.6666666666666666,0.5135135135135135,0.9629876625541848,0.0133333333333334,0.0045852438516048,0.0031442046591396,0.26805730246282006,ANOMALİ (HASTA/STRES)
0.6440677966101696,0.6666666666666666,0.6486486486486487,0.9786595531843948,0.6400000000000001,0.3493122134222592,0.147491782192368,0.1708683814804423,NORMAL (SAGLIKLI)
0.6949152542372882,0.2051282051282051,0.891891891891892,0.6202067355785261,0.1833333333333333,0.9191329720716964,0.932971273402887,0.28444680329628985,ANOMALİ (HASTA/STRES)
0.6779661016949152,0.5641025641025641,0.5,0.4971657219073024,0.7399999999999998,0.0725302209253855,0.8673717307417466,0.19244410229496398,NORMAL (SAGLIKLI)
0.2711864406779661,0.1538461538461538,0.7432432432432433,0.2090696898966321,0.6533333333333333,0.9691538140892038,0.258539374017436,0.2071991038982228,NORMAL (SAGLIKLI)
0.3559322033898305,0.4871794871794872,0.7162162162162162,0.7305768589529842,0.7399999999999998,0.9654022509378906,0.3550092896955838,0.17400801057996143,NORMAL (SAGLIKLI)
0.8135593220338984,0.0256410256410256,0.7027027027027027,0.4131377125708569,0.3866666666666667,0.3659858274280951,0.3245676718593682,0.13804443227776705,NORMAL (SAGLIKLI)
0.7457627118644068,0.2564102564102564,0.1081081081081081,0.4724908302767589,0.8566666666666669,0.9974989578991243,0.2532513934543375,0.21954211451842856,NORMAL (SAGLIKLI)
0.4576271186440678,0.6923076923076923,0.5945945945945946,0.9869956652217404,0.6600000000000001,0.3451438099208004,0.6597113048449335,0.16621679485365923,NORMAL (SAGLIKLI)
0.9830508474576272,0.7435897435897436,0.081081081081081,0.7125708569523173,0.2333333333333334,0.055022926219258,0.4603401457767614,0.2825052202711669,ANOMALİ (HASTA/STRES)
0.4915254237288136,0.4358974358974359,0.5,0.2550850283427808,0.5433333333333334,0.0621092121717381,0.9445476632842646,0.1608925669878918,NORMAL (SAGLIKLI)
0.0338983050847457,0.9230769230769232,0.3513513513513514,0.7392464154718239,0.6000000000000001,0.0558566069195498,0.2466771473488638,0.24281770816928291,NORMAL (SAGLIKLI)
0.847457627118644,0.3846153846153846,0.5,0.5288429476492162,0.5333333333333332,0.2492705293872447,0.7566099757038731,0.15459699785735184,NORMAL (SAGLIKLI)
0.6949152542372882,0.358974358974359,0.6351351351351352,0.4161387129043014,0.7366666666666668,0.484368486869529,0.0571673574389023,0.07896479506925434,NORMAL (SAGLIKLI)
0.576271186440678,0.5641025641025641,0.4864864864864865,0.8149383127709235,0.4399999999999999,0.2817840766986246,0.5237959125339431,0.08642761071348397,NORMAL (SAGLIKLI)
0.0338983050847457,0.1538461538461538,0.4054054054054054,0.1433811270423474,0.2066666666666667,0.6156731971654856,0.2725453765899671,0.2692092079919089,ANOMALİ (HASTA/STRES)
0.4067796610169492,0.0769230769230769,0.9054054054054054,0.7795931977325774,0.4066666666666667,0.7790746144226759,0.3192796912962698,0.15096364453516803,NORMAL (SAGLIKLI)
0.0677966101694915,0.9743589743589742,0.1891891891891892,0.8132710903634544,0.96,0.4864526886202585,0.3698728026296984,0.2673385079221037,ANOMALİ (HASTA/STRES)
0.2203389830508474,0.8717948717948718,0.7027027027027027,0.3577859286428809,0.6133333333333333,0.8891204668611921,0.5433757324567672,0.1958834723375039,NORMAL (SAGLIKLI)
0.0677966101694915,0.0512820512820512,0.4189189189189189,0.1227075691897298,0.1999999999999999,0.3055439766569403,0.0984707731885093,0.31577139299404017,ANOMALİ (HASTA/STRES)
0.0847457627118644,0.5128205128205128,0.7702702702702703,0.752917639213071,0.4233333333333333,0.9862442684451852,0.6201229098184937,0.17942121845369943,NORMAL (SAGLIKLI)
0.1525423728813559,0.6923076923076923,0.3648648648648649,0.6305435145048348,0.2333333333333334,0.4635264693622343,0.7969129626982991,0.049891457542449155,NORMAL (SAGLIKLI)
0.0847457627118644,0.1794871794871795,0.2972972972972972,0.9059686562187396,0.1433333333333333,0.972071696540225,0.4364727740460196,0.22995864267663357,NORMAL (SAGLIKLI)
0.9322033898305084,0.1282051282051282,0.1756756756756756,0.7179059686562186,0.9666666666666668,0.4510212588578575,0.0341574960697441,0.26886944636810334,ANOMALİ (HASTA/STRES)
0.2372881355932203,0.7692307692307692,0.8648648648648648,0.7242414138046014,0.3900000000000001,0.1421425593997499,0.5237959125339431,0.17160436001844362,NORMAL (SAGLIKLI)
0.2203389830508474,0.7692307692307692,0.6891891891891893,0.7645881960653551,0.3666666666666667,0.181325552313464,0.5466628555095041,0.1400455778736873,NORMAL (SAGLIKLI)
0.1694915254237288,0.4615384615384615,0.6216216216216216,0.2390796932310769,0.0366666666666668,0.1050437682367653,0.5246534228955266,0.24438177509849782,NORMAL (SAGLIKLI)
0.2372881355932203,0.2564102564102564,0.081081081081081,0.6338779593197732,0.1033333333333332,0.5056273447269695,0.7257396026868659,0.15259417589567265,NORMAL (SAGLIKLI)
0.4745762711864406,0.0769230769230769,0.7297297297297297,0.5608536178726242,0.0966666666666666,0.9549812421842432,0.7440331570673144,0.25849343057582386,NORMAL (SAGLIKLI)
0.0169491525423728,0.8205128205128205,0.1621621621621621,0.8869623207735913,0.2300000000000002,0.4814506044185076,0.8340717450335859,0.06664333022394474,NORMAL (SAGLIKLI)
0.7627118644067796,0.0256410256410256,0.8378378378378378,0.9376458819606536,0.8366666666666664,0.806586077532305,0.4434757753322852,0.24103167351955262,NORMAL (SAGLIKLI)
0.7627118644067796,0.5641025641025641,0.0945945945945946,0.8646215405135045,0.6266666666666665,0.8365985827428095,0.3753037015863942,0.2155017984257584,NORMAL (SAGLIKLI)
0.3559322033898305,0.3076923076923077,0.6891891891891893,0.5585195065021673,0.7066666666666666,0.4222592746977907,0.4127483207088753,0.12304418891039196,NORMAL (SAGLIKLI)
0.7457627118644068,0.9230769230769232,0.2027027027027027,0.0940313437812604,0.6633333333333336,0.4751979991663191,0.0773188509361155,0.18115164174535314,NORMAL (SAGLIKLI)
0.711864406779661,0.358974358974359,0.7297297297297297,0.6682227409136376,0.52,0.5819091288036682,0.2050878948120623,0.038382005589431896,NORMAL (SAGLIKLI)
0.1525423728813559,0.9487179487179488,0.5,0.0590196732244081,0.8366666666666664,0.0025010421008753,0.9335429469772758,0.15342873938278706,NORMAL (SAGLIKLI)
0.5084745762711864,0.641025641025641,0.0405405405405405,0.8739579859953317,0.5566666666666666,0.3142976240100041,0.8652279548377875,0.1685825818271605,NORMAL (SAGLIKLI)
0.6101694915254238,0.1538461538461538,0.2432432432432433,0.3171057019006335,0.7133333333333334,0.9558149228845352,0.5882521080463057,0.19584883471170905,NORMAL (SAGLIKLI)
0.8135593220338984,0.6923076923076923,0.0945945945945946,0.5661887295765253,0.4300000000000001,0.4314297624010004,0.4594826354151779,0.16772086891590712,NORMAL (SAGLIKLI)
0.8983050847457628,0.2307692307692307,0.2027027027027027,0.3404468156052017,0.3999999999999999,0.975406419341392,0.2746891524939259,0.20240539270031213,NORMAL (SAGLIKLI)
0.4745762711864406,0.3846153846153846,0.6621621621621622,0.839613204401467,0.2766666666666668,0.9141308878699456,0.8622266685722453,0.17264857824246757,NORMAL (SAGLIKLI)
0.6610169491525424,1.0,0.3783783783783784,0.8999666555518506,0.9833333333333334,0.2184243434764484,0.8665142203801628,0.2904757514845335,ANOMALİ (HASTA/STRES)
0.6271186440677966,0.641025641025641,0.5945945945945946,0.2990996998999666,0.4233333333333333,0.200500208420175,0.8236387023009861,0.14656777163318874,NORMAL (SAGLIKLI)
0.1694915254237288,0.1025641025641025,0.1621621621621621,0.535178392797599,0.7333333333333334,0.5164651938307627,0.6572816921537801,0.18134446746053384,NORMAL (SAGLIKLI)
0.4406779661016949,0.3076923076923077,0.7162162162162162,0.9943314438146048,0.27,0.7990829512296791,0.8074889238244962,0.1770748856576602,NORMAL (SAGLIKLI)
0.9322033898305084,0.8461538461538461,0.6216216216216216,0.5251750583527841,0.27,0.1600666944560234,0.1372016578533657,0.22298812785001523,NORMAL (SAGLIKLI)
0.0,1.0,0.027027027027027,0.7839279759919973,0.2666666666666666,0.2584410170904543,0.3864513362869801,0.1987618627040809,NORMAL (SAGLIKLI)
0.3559322033898305,1.0,0.7972972972972973,0.5561853951317104,0.1366666666666667,0.9237182159233012,0.7124481920823209,0.25077269309604017,NORMAL (SAGLIKLI)
0.5084745762711864,0.6153846153846154,0.9054054054054054,0.814271423807936,0.3399999999999998,0.9641517298874532,0.982135200800343,0.22807886191800927,NORMAL (SAGLIKLI)
0.5932203389830508,0.282051282051282,0.1216216216216216,0.2327442480826942,0.3399999999999998,0.3955814922884535,0.8975275117907675,0.1928482744620013,NORMAL (SAGLIKLI)
0.0169491525423728,0.0,0.3108108108108108,0.3094364788262754,0.6400000000000001,0.3205502292621927,0.5476632842646849,0.2110922144529169,NORMAL (SAGLIKLI)
0.7796610169491525,0.4615384615384615,0.0135135135135134,0.5628542847615872,0.7200000000000002,0.2788661942476031,0.5147920537373161,0.1979254294021479,NORMAL (SAGLIKLI)
0.8813559322033899,0.9230769230769232,0.8378378378378378,0.8146048682894298,0.0033333333333334,0.4189245518966236,0.5155066457053024,0.2539507284767575,NORMAL (SAGLIKLI)
0.0508474576271186,0.6923076923076923,0.8513513513513514,0.5728576192064021,0.9233333333333332,0.007503126302626,0.0525939688437901,0.3519698489386789,ANOMALİ (HASTA/STRES)
0.1016949152542373,0.3333333333333333,0.7297297297297297,0.5588529509836613,0.4166666666666665,0.4030846185910797,0.1992282406745748,0.17247517728471312,NORMAL (SAGLIKLI)
0.9152542372881356,0.7435897435897436,0.7702702702702703,0.1137045681893964,0.1366666666666667,0.8099208003334721,0.8106331284836359,0.3026912190764044,ANOMALİ (HASTA/STRES)
0.4915254237288136,1.0,0.8513513513513514,0.3341113704568189,0.5266666666666668,0.0858691121300541,0.9995712448192082,0.24325326902724456,NORMAL (SAGLIKLI)
0.4745762711864406,0.7692307692307692,0.054054054054054,0.9283094364788262,0.6533333333333333,0.7273864110045853,0.453908818064885,0.22838474912938073,NORMAL (SAGLIKLI)
0.6610169491525424,0.7948717948717948,0.0135135135135134,0.2124041347115705,0.81,0.9924968736973738,0.6515649564098898,0.22523909376130669,NORMAL (SAGLIKLI)
0.9830508474576272,0.4871794871794872,0.1486486486486486,0.9889963321107034,0.6966666666666668,0.8491037932471861,0.1493497213091324,0.2670247414533803,ANOMALİ (HASTA/STRES)
0.7457627118644068,0.3333333333333333,0.5,0.9123041013671224,0.5466666666666664,0.959983326385994,0.2924110332999857,0.13605052804081547,NORMAL (SAGLIKLI)
0.135593220338983,0.7692307692307692,0.7567567567567569,0.2650883627875958,0.5166666666666666,0.8891204668611921,0.7753322852651137,0.1924661180548378,NORMAL (SAGLIKLI)
0.7457627118644068,0.358974358974359,0.5810810810810811,0.7675891963987995,0.6166666666666667,0.4556065027094622,0.1609261111905102,0.08674860791929936,NORMAL (SAGLIKLI)
0.5254237288135594,0.0769230769230769,0.2972972972972972,0.7485828609536511,0.8599999999999999,0.5539808253438931,0.981563527225954,0.25905207423394333,NORMAL (SAGLIKLI)
0.728813559322034,0.0512820512820512,0.0405405405405405,0.4111370456818938,0.8799999999999999,0.7194664443518131,0.3524367586108333,0.2229584303923188,NORMAL (SAGLIKLI)
0.4406779661016949,0.1794871794871795,0.1486486486486486,0.9836612204068024,0.0966666666666666,0.3714047519799917,0.7424610547377446,0.2040256876281775,NORMAL (SAGLIKLI)
0.0677966101694915,0.6666666666666666,0.5945945945945946,0.5711903967989329,0.2166666666666667,0.6969570654439348,0.3397170215806774,0.19159150965372598,NORMAL (SAGLIKLI)
0.4067796610169492,0.641025641025641,0.1486486486486486,0.6992330776925642,0.3266666666666669,0.5685702375989996,0.2924110332999857,0.12514566018990428,NORMAL (SAGLIKLI)
0.8305084745762712,0.0512820512820512,0.5540540540540541,0.8109369789929977,0.52,0.0808670279283035,0.548806631413463,0.21729588046714135,NORMAL (SAGLIKLI)
0.5084745762711864,0.0769230769230769,0.7837837837837839,0.3684561520506835,0.8233333333333333,0.3709879116298458,0.0171502072316707,0.1865731544081462,NORMAL (SAGLIKLI)
0.1016949152542373,0.5641025641025641,0.945945945945946,0.8042680893631209,0.3233333333333332,0.0304293455606503,0.7991996569958555,0.18213460731383974,NORMAL (SAGLIKLI)
0.6779661016949152,0.5641025641025641,0.5945945945945946,0.6508836278759584,0.2866666666666668,0.6573572321800751,0.1616407031584965,0.09464666525576988,NORMAL (SAGLIKLI)
0.8813559322033899,0.1025641025641025,0.918918918918919,0.1357119039679893,0.7366666666666668,0.5481450604418507,0.0197227383164212,0.11597908458450108,NORMAL (SAGLIKLI)
0.1694915254237288,0.7692307692307692,0.918918918918919,0.1953984661553851,0.0333333333333332,0.299291371404752,0.9218236387023012,0.24205750682989505,NORMAL (SAGLIKLI)
0.7627118644067796,1.0,0.5270270270270271,0.5731910636878959,0.1066666666666669,0.9808253438932888,0.211662140917536,0.2621917480127537,ANOMALİ (HASTA/STRES)
0.5254237288135594,0.9487179487179488,0.2702702702702703,0.1367122374124708,0.08,0.7027928303459774,0.2376732885522366,0.2693685432623801,ANOMALİ (HASTA/STRES)
0.7457627118644068,0.1282051282051282,0.8243243243243245,0.4194731577192396,0.8633333333333333,0.9937473947478116,0.2876947263112763,0.17699113578831085,NORMAL (SAGLIKLI)
0.7966101694915255,0.7692307692307692,0.4864864864864865,0.2240746915638546,0.2133333333333333,0.9833263859941644,0.9779905673860224,0.277747999539881,ANOMALİ (HASTA/STRES)
0.7796610169491525,0.9230769230769232,0.7702702702702703,0.2107369123041013,0.5800000000000001,0.8474364318466026,0.0600257253108474,0.18055562985801737,NORMAL (SAGLIKLI)
0.0,0.3076923076923077,0.4324324324324324,0.9006335445148381,0.2966666666666666,0.5027094622759483,0.144633414320423,0.16616171060093038,NORMAL (SAGLIKLI)
0.0169491525423728,0.1538461538461538,0.9324324324324326,0.8459486495498498,0.0100000000000002,0.4168403501458941,0.8359296841503501,0.2609793536624982,NORMAL (SAGLIKLI)
0.0169491525423728,0.2307692307692307,0.9729729729729732,0.8612870956985661,0.6566666666666667,0.2967903293038767,0.4264684864942118,0.24898474283223157,NORMAL (SAGLIKLI)
0.0169491525423728,0.8461538461538461,0.5540540540540541,0.4058019339779926,0.5366666666666666,0.9466444351813256,0.7843361440617407,0.18554216997349562,NORMAL (SAGLIKLI)
0.2542372881355932,0.5384615384615384,0.081081081081081,0.4971657219073024,0.0733333333333332,0.8862025844101706,0.6372731170501642,0.19754038808616797,NORMAL (SAGLIKLI)
0.7796610169491525,0.5128205128205128,0.2027027027027027,0.8212737579193063,0.4766666666666665,0.3697373905794081,0.1310561669286837,0.1761161467570746,NORMAL (SAGLIKLI)
0.1694915254237288,0.0256410256410256,0.3648648648648649,0.6048682894298099,0.4133333333333335,0.8516048353480616,0.6958696584250392,0.20233826467009788,NORMAL (SAGLIKLI)
0.2033898305084746,0.0,0.1351351351351351,0.5078359453151049,0.5066666666666664,0.1225510629428929,0.8450764613405746,0.20253401538269436,NORMAL (SAGLIKLI)
0.6440677966101696,0.358974358974359,0.4324324324324324,0.5205068356118705,0.3500000000000001,0.003751563151313,0.8829498356438474,0.19750340361845323,NORMAL (SAGLIKLI)
0.576271186440678,0.0512820512820512,0.2432432432432433,0.5965321773924641,0.3366666666666664,0.8495206335973322,0.2403887380305845,0.18343118815316822,NORMAL (SAGLIKLI)
0.9661016949152544,0.282051282051282,0.5945945945945946,0.3861287095698565,0.1,0.180908711963318,0.4830641703587252,0.21246219628526575,NORMAL (SAGLIKLI)
0.5084745762711864,0.2307692307692307,0.8783783783783784,0.9866622207402468,0.91,0.5177157148812006,0.7797627554666284,0.2435422020987614,NORMAL (SAGLIKLI)
0.3220338983050848,0.9743589743589742,0.3783783783783784,0.7709236412137379,0.8599999999999999,0.7619841600666943,0.5002143775903958,0.21503028963647575,NORMAL (SAGLIKLI)
0.2033898305084746,0.1794871794871795,0.2567567567567568,0.4508169389796598,0.0899999999999998,0.7157148812005003,0.4531942260968987,0.230581566842243,NORMAL (SAGLIKLI)
0.1016949152542373,0.2564102564102564,0.4864864864864865,0.7875958652884294,0.1999999999999999,0.4897874114214255,0.9438330713162784,0.13825926523035273,NORMAL (SAGLIKLI)
0.1186440677966101,0.9487179487179488,0.1351351351351351,0.1590530176725574,0.9499999999999996,0.3522300958732804,0.714734886379877,0.1355467326420087,NORMAL (SAGLIKLI)
0.0,1.0,0.4189189189189189,0.7145715238412804,0.98,0.2113380575239682,0.0678862369586966,0.3311740745062507,ANOMALİ (HASTA/STRES)
0.8813559322033899,0.8205128205128205,0.2702702702702703,0.7839279759919973,0.3033333333333334,0.3534806169237181,0.8052022295269401,0.20772028957186037,NORMAL (SAGLIKLI)
0.6949152542372882,0.0512820512820512,0.3378378378378378,0.3487829276425475,0.3966666666666669,0.6740308461859108,0.0080034300414463,0.1808405983451876,NORMAL (SAGLIKLI)
0.9322033898305084,0.2307692307692307,0.2702702702702703,0.0210070023341114,0.4766666666666665,0.9187161317215504,0.1056166928683721,0.20950193461713382,NORMAL (SAGLIKLI)
0.3898305084745762,0.2564102564102564,0.472972972972973,0.4688229409803267,0.3799999999999999,0.6461025427261358,0.1347720451622123,0.14488169762260103,NORMAL (SAGLIKLI)
0.3728813559322034,0.641025641025641,0.3378378378378378,0.6622207402467488,0.5966666666666667,0.7073780741975821,0.9266828640846076,0.11936261890346622,NORMAL (SAGLIKLI)
0.6101694915254238,0.8974358974358974,0.5540540540540541,0.0450150050016672,0.3633333333333333,0.8553563984993748,0.2848363584393311,0.20275485516422867,NORMAL (SAGLIKLI)
0.2711864406779661,0.7692307692307692,0.0675675675675675,0.8132710903634544,0.75,0.9420591913297208,0.6398456481349151,0.2197470301131546,NORMAL (SAGLIKLI)
0.728813559322034,0.3076923076923077,0.3918918918918919,0.6375458486162053,0.96,0.5406419341392246,0.1477776189795627,0.14842167067318476,NORMAL (SAGLIKLI)
0.6779661016949152,0.6666666666666666,0.2027027027027027,0.1073691230410137,0.0966666666666666,0.9032930387661526,0.4451907960554522,0.252666508545524,NORMAL (SAGLIKLI)
0.3389830508474576,0.3333333333333333,0.5540540540540541,0.5771923974658217,0.77,0.31471446436015,0.5310847506074032,0.1346319591743126,NORMAL (SAGLIKLI)
0.7457627118644068,0.8461538461538461,0.7297297297297297,0.284428142714238,0.1033333333333332,0.110045852438516,0.811776475632414,0.27570476654730325,ANOMALİ (HASTA/STRES)
0.576271186440678,1.0,0.054054054054054,0.4954984994998332,0.33,0.9266360983743224,0.5865370873231384,0.24557943058830065,NORMAL (SAGLIKLI)
0.5932203389830508,1.0,0.1621621621621621,0.6805601867289095,0.4966666666666666,0.8199249687369738,0.055881091896527,0.2505402522149915,NORMAL (SAGLIKLI)
0.9152542372881356,0.641025641025641,0.891891891891892,0.5821940646882293,0.5500000000000003,0.9137140475198,0.52708303558668,0.20895537177564957,NORMAL (SAGLIKLI)
0.0,0.4102564102564102,0.7837837837837839,0.2437479159719907,0.353333333333333,0.9587328053355564,0.4677719022438187,0.2594643529582136,NORMAL (SAGLIKLI)
0.9152542372881356,0.6153846153846154,0.2702702702702703,0.4151383794598198,0.4133333333333335,0.8999583159649855,0.2954123195655281,0.18748226641640633,NORMAL (SAGLIKLI)
0.7457627118644068,0.8461538461538461,0.3783783783783784,0.7075691897299099,0.25,0.9691538140892038,0.2766900100042875,0.21638476292010392,NORMAL (SAGLIKLI)
0.2203389830508474,0.8717948717948718,0.7297297297297297,0.4634878292764253,0.2766666666666668,0.0183409754064194,0.9511219093897384,0.19119202868655819,NORMAL (SAGLIKLI)
0.5932203389830508,0.8461538461538461,0.945945945945946,0.6535511837279093,0.3866666666666667,0.3801583993330555,0.6006860082892669,0.17969563252192922,NORMAL (SAGLIKLI)
0.2542372881355932,0.0,0.9594594594594597,0.3827942647549182,0.6000000000000001,0.9299708211754898,0.9109618407889096,0.3188228108556507,ANOMALİ (HASTA/STRES)
0.3220338983050848,0.717948717948718,0.7567567567567569,0.7892630876958986,0.2266666666666665,0.0262609420591912,0.7508932399599828,0.1676398478711931,NORMAL (SAGLIKLI)
0.7796610169491525,0.9743589743589742,0.945945945945946,0.2867622540846948,0.7633333333333332,0.3751563151313046,0.7538945262255252,0.2343297982871064,NORMAL (SAGLIKLI)
0.288135593220339,0.358974358974359,0.9864864864864864,0.0940313437812604,0.7533333333333334,0.2025844101709045,0.1209089609832785,0.2196481942846751,NORMAL (SAGLIKLI)
0.3559322033898305,0.1794871794871795,0.6351351351351352,0.3617872624208069,0.4066666666666667,0.2922050854522717,0.0071459196798627,0.19066864411293524,NORMAL (SAGLIKLI)
0.0338983050847457,0.0769230769230769,0.0945945945945946,0.634211403801267,0.4033333333333333,0.3555648186744478,0.3861654994997857,0.23013044485899994,NORMAL (SAGLIKLI)
0.9661016949152544,0.8205128205128205,0.5,0.8592864288096032,0.3999999999999999,0.0195914964568569,0.6835786765756753,0.24636639951096093,NORMAL (SAGLIKLI)
0.8983050847457628,0.1794871794871795,0.081081081081081,0.7875958652884294,0.9566666666666666,0.4852021675698208,0.9862798342146633,0.3433810054723552,ANOMALİ (HASTA/STRES)
0.711864406779661,0.3846153846153846,0.0135135135135134,0.092697565855285,0.03,0.0058357649020425,0.2888380734600542,0.3204956411866239,ANOMALİ (HASTA/STRES)
0.1016949152542373,0.2051282051282051,0.2432432432432433,0.0180060020006668,0.6633333333333336,0.8707794914547728,0.0431613548663712,0.29450790860525344,ANOMALİ (HASTA/STRES)
0.1525423728813559,0.8205128205128205,0.8108108108108109,0.3774591530510169,0.3000000000000002,0.9941642350979574,0.049163927397456,0.32014542247637406,ANOMALİ (HASTA/STRES)
0.2711864406779661,0.9487179487179488,0.5675675675675677,0.0553517839279759,0.6999999999999997,0.3768236765318882,0.3983135629555523,0.1552018169964952,NORMAL (SAGLIKLI)
0.0508474576271186,0.3846153846153846,0.2162162162162162,0.9686562187395796,0.29,0.6836181742392662,0.8566528512219522,0.1369665826031393,NORMAL (SAGLIKLI)
0.1016949152542373,0.282051282051282,0.5810810810810811,0.187729243081027,0.2233333333333333,0.1221342225927469,0.1507789052451051,0.28166713323291726,ANOMALİ (HASTA/STRES)
0.6271186440677966,0.7948717948717948,0.2567567567567568,0.1397132377459152,0.7200000000000002,0.6052521884118383,0.0114334714877804,0.17612842797472553,NORMAL (SAGLIKLI)
0.2033898305084746,0.4102564102564102,0.3108108108108108,0.7649216405468489,0.0133333333333334,0.4431012922050854,0.9634128912391025,0.11560639427999488,NORMAL (SAGLIKLI)
0.1186440677966101,0.9743589743589742,0.9729729729729732,0.3571190396798933,0.7600000000000002,0.6506877865777407,0.7626125482349579,0.24151648766648298,NORMAL (SAGLIKLI)
0.9491525423728812,0.5641025641025641,0.4864864864864865,0.8026008669556519,0.8500000000000001,0.0837849103793247,0.8556524224667714,0.27693428592752006,ANOMALİ (HASTA/STRES)
0.9152542372881356,0.8717948717948718,0.7432432432432433,0.4671557185728576,0.2200000000000002,0.1267194664443518,0.0817493211376303,0.25401692768056505,NORMAL (SAGLIKLI)
0.8813559322033899,0.9487179487179488,0.7027027027027027,0.5785261753917972,0.4833333333333334,0.2380158399333055,0.6072602543947405,0.22586827188120875,NORMAL (SAGLIKLI)
0.9152542372881356,0.717948717948718,0.5405405405405406,0.387129043014338,0.91,0.2726135889954146,0.8643704444762039,0.2235795014727052,NORMAL (SAGLIKLI)
0.288135593220339,0.9487179487179488,0.7702702702702703,0.2674224741580526,0.1933333333333333,0.1358899541475615,0.073745891096184,0.31642480410968066,ANOMALİ (HASTA/STRES)
0.9152542372881356,0.1282051282051282,0.4864864864864865,0.3687895965321773,0.3433333333333332,0.6194247603167986,0.7327426039731313,0.19754395967521524,NORMAL (SAGLIKLI)
0.847457627118644,0.717948717948718,0.3243243243243243,0.2387462487495831,0.79,0.1229679032930387,0.7753322852651137,0.1758782644973135,NORMAL (SAGLIKLI)
0.0847457627118644,0.717948717948718,0.2297297297297297,0.4328109369789929,0.8266666666666667,0.6777824093372238,0.4016006860082893,0.20333460557134764,NORMAL (SAGLIKLI)
0.3050847457627118,0.8205128205128205,0.472972972972973,0.574858286095365,0.3833333333333333,0.7340558566069195,0.3351436329855652,0.13959807706276983,NORMAL (SAGLIKLI)
0.7457627118644068,0.5384615384615384,0.5675675675675677,0.4498166055351782,0.0266666666666668,0.5452271779908293,0.8649421180505932,0.19446838189062726,NORMAL (SAGLIKLI)
0.1016949152542373,0.5641025641025641,0.4459459459459459,0.0800266755585195,0.6333333333333333,0.3355564818674448,0.0001429183935972,0.1919084318291339,NORMAL (SAGLIKLI)
0.3898305084745762,0.2307692307692307,0.6486486486486487,0.1447149049683227,0.3266666666666669,0.1304710295956648,0.6132628269258253,0.20000176713080145,NORMAL (SAGLIKLI)
0.6949152542372882,0.8205128205128205,0.1756756756756756,0.5071690563521174,0.3866666666666667,0.9433097123801584,0.0981849364013148,0.24338592210613252,NORMAL (SAGLIKLI)
0.7796610169491525,0.3846153846153846,0.5945945945945946,0.9139713237745912,0.5566666666666666,0.1288036681950812,0.9379734171787908,0.2543114273230565,NORMAL (SAGLIKLI)
0.5423728813559322,0.6923076923076923,0.0405405405405405,0.0896965655218405,0.25,0.7911629845769068,0.7354580534514792,0.20555220349244996,NORMAL (SAGLIKLI)
0.4915254237288136,0.1538461538461538,0.472972972972973,0.9743247749249748,0.3933333333333331,0.5373072113380575,0.6299842789767043,0.11245690071783024,NORMAL (SAGLIKLI)
0.4745762711864406,0.1794871794871795,0.6891891891891893,0.0366788929643214,0.6766666666666667,0.0875364735306378,0.7807631842218092,0.19327496377826203,NORMAL (SAGLIKLI)
0.1016949152542373,0.3333333333333333,0.8378378378378378,0.7549183061020339,0.4700000000000002,0.2296790329303877,0.4047448906674288,0.18855216520281357,NORMAL (SAGLIKLI)
0.0338983050847457,0.2051282051282051,0.0675675675675675,0.0986995665221741,0.6600000000000001,0.7152980408503542,0.4158925253680148,0.26265645496287615,ANOMALİ (HASTA/STRES)
0.5254237288135594,0.1025641025641025,0.4054054054054054,0.150050016672224,0.8900000000000001,0.8987077949145477,0.419322566814349,0.19885737748079357,NORMAL (SAGLIKLI)
0.8305084745762712,0.4615384615384615,0.2297297297297297,0.4004668222740913,0.5566666666666666,0.5006252605252188,0.9185365156495642,0.16861991744593396,NORMAL (SAGLIKLI)
0.5084745762711864,0.8205128205128205,0.5405405405405406,0.6022007335778592,0.4066666666666667,0.4860358482701126,0.2938402172359582,0.09242068042961216,NORMAL (SAGLIKLI)
0.3559322033898305,0.4615384615384615,0.0135135135135134,0.3761253751250417,0.7533333333333334,0.1317215506461025,0.4722023724453336,0.19254064181288705,NORMAL (SAGLIKLI)
0.0508474576271186,0.0,0.8783783783783784,0.9229743247749248,0.7600000000000002,0.5360566902876198,0.3701586394168929,0.2498543759745246,NORMAL (SAGLIKLI)
0.6610169491525424,0.5384615384615384,0.2162162162162162,0.6982327442480827,0.1966666666666667,0.5869112130054188,0.4328998142060883,0.1302763462136609,NORMAL (SAGLIKLI)
0.1525423728813559,0.6153846153846154,1.0,0.2494164721573857,0.7033333333333336,0.4539391413088787,0.8337859082463912,0.16236602520353102,NORMAL (SAGLIKLI)
0.3898305084745762,0.5897435897435898,0.2027027027027027,0.3094364788262754,0.2533333333333334,0.153814089203835,0.4926397027297413,0.15466757271227946,NORMAL (SAGLIKLI)
0.4576271186440678,0.2564102564102564,0.2972972972972972,0.3697899299766587,0.5733333333333333,0.3343059608170071,0.7621837930541662,0.11315248526672904,NORMAL (SAGLIKLI)
0.423728813559322,0.5128205128205128,0.4459459459459459,0.70323441147049,0.2333333333333334,0.89745727386411,0.4354723452908388,0.10575012483821852,NORMAL (SAGLIKLI)
0.6440677966101696,1.0,0.2702702702702703,0.426808936312104,0.3333333333333335,0.6031679866611086,0.9499785622409604,0.18927027372087607,NORMAL (SAGLIKLI)
0.1186440677966101,0.0256410256410256,0.6756756756756758,0.7632544181393797,0.6966666666666668,0.93705710712797,0.025725310847506,0.26333753877900906,ANOMALİ (HASTA/STRES)
0.7796610169491525,0.2307692307692307,0.5675675675675677,0.6472157385795265,0.73,0.3943309712380158,0.5423753037015864,0.15094398643081589,NORMAL (SAGLIKLI)
0.0677966101694915,0.7692307692307692,0.027027027027027,0.7005668556185394,0.1866666666666665,0.6556898707794914,0.6594254680577392,0.14877656747471651,NORMAL (SAGLIKLI)
0.847457627118644,0.282051282051282,0.6756756756756758,0.8362787595865286,0.27,0.488120050020842,0.7184507646134057,0.16134818836341142,NORMAL (SAGLIKLI)
0.4576271186440678,0.1282051282051282,0.2972972972972972,0.5088362787595866,0.3466666666666667,0.5431429762401001,0.5186508503644418,0.12417409721639523,NORMAL (SAGLIKLI)
0.3559322033898305,1.0,0.6081081081081081,0.3827942647549182,0.0899999999999998,0.7732388495206335,0.692439616978705,0.2216224049869939,NORMAL (SAGLIKLI)
0.6271186440677966,0.0769230769230769,0.1756756756756756,0.6038679559853284,0.9866666666666668,0.0066694456023342,0.1743604401886523,0.3032501309301847,ANOMALİ (HASTA/STRES)
0.9322033898305084,1.0,0.0945945945945946,0.3604534844948315,0.7600000000000002,0.9979157982492703,0.0680291553522938,0.3253391693480746,ANOMALİ (HASTA/STRES)
0.8135593220338984,0.0512820512820512,0.3243243243243243,0.5791930643547849,0.3666666666666667,0.1075448103376406,0.6046877233099899,0.23294574016820316,NORMAL (SAGLIKLI)
0.3050847457627118,0.1794871794871795,0.9594594594594597,0.8409469823274425,0.33,0.4743643184660273,0.7839073888809489,0.1789258937993335,NORMAL (SAGLIKLI)
0.9322033898305084,0.6666666666666666,0.1486486486486486,0.401133711237079,0.3000000000000002,0.3726552730304293,0.0334429041017578,0.24113239777122014,NORMAL (SAGLIKLI)
0.2372881355932203,0.3846153846153846,0.1756756756756756,0.1267089029676559,0.5333333333333332,0.2063359733222175,0.1149063884521937,0.2316360443333127,NORMAL (SAGLIKLI)
0.9491525423728812,0.5897435897435898,0.4864864864864865,0.5551850616872289,0.9633333333333334,0.2546894539391413,0.5183650135772475,0.21832810875705647,NORMAL (SAGLIKLI)
0.4576271186440678,0.8717948717948718,1.0,0.3191063687895965,0.1200000000000001,0.9399749895789912,0.4530513077033014,0.28300376910713937,ANOMALİ (HASTA/STRES)
0.2711864406779661,0.6666666666666666,0.5675675675675677,0.695231743914638,0.33,0.5556481867444767,0.317135915392311,0.10497574149055351,NORMAL (SAGLIKLI)
0.6271186440677966,0.3076923076923077,0.8783783783783784,0.458486162054018,0.2566666666666666,0.0633597332221759,0.3005573817350292,0.17313223421806287,NORMAL (SAGLIKLI)
0.9152542372881356,0.3846153846153846,0.5405405405405406,0.6822274091363787,0.5466666666666664,0.0258441017090454,0.3314277547520366,0.15254832435631466,NORMAL (SAGLIKLI)
0.5254237288135594,0.641025641025641,0.1891891891891892,0.8626208736245413,0.5699999999999998,0.4722801167152979,0.6648563670144347,0.12355031566628874,NORMAL (SAGLIKLI)
0.8983050847457628,0.717948717948718,0.3513513513513514,0.1650550183394464,0.6566666666666667,0.0112546894539391,0.826925825353723,0.1796477333985685,NORMAL (SAGLIKLI)
0.0169491525423728,0.8974358974358974,0.5945945945945946,0.0576858952984328,0.0966666666666666,0.1233847436431847,0.9594111762183792,0.22412490009361608,NORMAL (SAGLIKLI)
0.4406779661016949,0.3076923076923077,0.3918918918918919,0.0616872290763587,0.9733333333333332,0.9299708211754898,0.3075603830212949,0.20159605096838568,NORMAL (SAGLIKLI)
0.576271186440678,0.6153846153846154,0.3378378378378378,0.8729576525508502,0.92,0.5031263026260941,0.0470201514934972,0.22098277288517618,NORMAL (SAGLIKLI)
0.8983050847457628,0.4615384615384615,0.6351351351351352,0.6972324108036012,0.6766666666666667,0.6698624426844517,0.5083607260254395,0.14081762889570412,NORMAL (SAGLIKLI)
0.711864406779661,0.4102564102564102,0.8648648648648648,0.4394798266088696,0.0866666666666666,0.1200500208420174,0.1056166928683721,0.20865656996542817,NORMAL (SAGLIKLI)
0.9491525423728812,0.6153846153846154,0.3918918918918919,0.6492164054684895,0.2633333333333334,0.0204251771571487,0.2205230813205659,0.23398831564575712,NORMAL (SAGLIKLI)
0.7627118644067796,0.358974358974359,0.3783783783783784,0.2624208069356451,0.1466666666666669,0.1263026260942059,0.4970701729312562,0.1998458024749767,NORMAL (SAGLIKLI)
0.6949152542372882,0.9743589743589742,0.0675675675675675,0.3844614871623874,0.7666666666666666,0.7107127969987492,0.1289123910247249,0.26757780893447025,ANOMALİ (HASTA/STRES)
0.0508474576271186,0.5897435897435898,0.8378378378378378,0.2097365788596198,0.5066666666666664,0.4864526886202585,0.8982421037587538,0.1655030943793576,NORMAL (SAGLIKLI)
0.7457627118644068,0.358974358974359,0.1621621621621621,0.5901967322440813,0.1299999999999999,0.3922467694872864,0.413177075889667,0.17934752920956334,NORMAL (SAGLIKLI)
0.3220338983050848,0.2051282051282051,0.081081081081081,0.0986995665221741,0.4766666666666665,0.9904126719466442,0.3580105759611262,0.2722918536216937,ANOMALİ (HASTA/STRES)
0.7966101694915255,0.5641025641025641,0.918918918918919,0.2757585861953984,0.6600000000000001,0.1154647769904126,0.0710304416178362,0.16172267590959435,NORMAL (SAGLIKLI)
0.6101694915254238,1.0,0.0,0.0023341113704568,0.7733333333333334,0.4426844518549395,0.419322566814349,0.1879516731852164,NORMAL (SAGLIKLI)
0.2711864406779661,0.358974358974359,0.6486486486486487,0.2287429143047682,0.8300000000000001,0.8882867861609003,0.2471059025296555,0.1817685477561472,NORMAL (SAGLIKLI)
0.9322033898305084,0.5897435897435898,0.8513513513513514,0.2797599199733244,0.0100000000000002,0.7265527303042933,0.0110047163069887,0.25672440489738646,NORMAL (SAGLIKLI)
0.8135593220338984,0.9230769230769232,0.9594594594594597,0.9339779926642212,0.4633333333333334,0.3755731554814507,0.8156352722595397,0.2875111581117631,ANOMALİ (HASTA/STRES)
0.7966101694915255,0.6666666666666666,0.6621621621621622,0.7939313104368122,0.31,0.5573155481450605,0.4197513219951408,0.11255451799113222,NORMAL (SAGLIKLI)
0.5593220338983051,0.0256410256410256,0.8243243243243245,0.3921307102367455,0.8933333333333331,0.7423926636098375,0.6787194511933685,0.24319292367194242,NORMAL (SAGLIKLI)
0.5084745762711864,0.641025641025641,0.4189189189189189,0.4341447149049682,0.9233333333333332,0.0942059191329721,0.7390310132914106,0.15334074790387378,NORMAL (SAGLIKLI)
0.8135593220338984,0.1025641025641025,0.2567567567567568,0.8722907635878625,0.3900000000000001,0.2446852855356398,0.1216235529512648,0.20072288678338865,NORMAL (SAGLIKLI)
0.3050847457627118,0.641025641025641,0.1486486486486486,0.2880960320106702,0.4166666666666665,0.8682784493538973,0.9082463913105616,0.1444805499246682,NORMAL (SAGLIKLI)
0.8983050847457628,0.5897435897435898,0.6486486486486487,0.9136378792930976,0.3866666666666667,0.1892455189662358,0.4823495783907388,0.17892019657037367,NORMAL (SAGLIKLI)
0.576271186440678,0.8974358974358974,0.8783783783783784,0.4904968322774257,0.8366666666666664,0.6206752813672363,0.4579105330856081,0.1926604797537008,NORMAL (SAGLIKLI)
0.0,0.717948717948718,0.4594594594594595,0.5731910636878959,0.353333333333333,0.7928303459774906,0.376875803915964,0.17984107624459028,NORMAL (SAGLIKLI)
0.8305084745762712,0.2564102564102564,0.6486486486486487,0.7545848616205402,0.3433333333333332,0.4347644852021675,0.5523795912533942,0.12658643771377426,NORMAL (SAGLIKLI)
0.3220338983050848,0.8205128205128205,0.1756756756756756,0.3311103701233743,0.3500000000000001,0.2413505627344726,0.4409032442475346,0.15362344936799377,NORMAL (SAGLIKLI)
0.0338983050847457,0.5641025641025641,0.2162162162162162,0.0233411137045681,0.4233333333333333,0.1404751979991664,0.0260111476347005,0.27796576726359234,ANOMALİ (HASTA/STRES)
0.576271186440678,0.0512820512820512,0.2297297297297297,0.3841280426808935,0.6000000000000001,0.4672780325135472,0.8613691582106617,0.1730612854548863,NORMAL (SAGLIKLI)
0.9152542372881356,0.1025641025641025,0.472972972972973,0.8559519839946648,0.8766666666666665,0.3843268028345143,0.1033299985708161,0.23132451141163143,NORMAL (SAGLIKLI)
0.7457627118644068,0.2307692307692307,0.4189189189189189,0.183727909303101,0.0500000000000002,0.4251771571488119,0.5356581392025155,0.20286967807103112,NORMAL (SAGLIKLI)
0.5593220338983051,0.1538461538461538,0.9594594594594597,0.2847615871957318,0.5733333333333333,0.3355564818674448,0.412605402315278,0.16304223380070423,NORMAL (SAGLIKLI)
0.3898305084745762,0.8205128205128205,0.8783783783783784,0.4154718239413137,0.3366666666666664,0.8837015423092955,0.4519079605545233,0.21196158638935622,NORMAL (SAGLIKLI)
0.9491525423728812,0.5897435897435898,0.0675675675675675,0.8902967655885294,0.8566666666666669,0.098374322634431,0.5113620122909819,0.3070694051143323,ANOMALİ (HASTA/STRES)
0.6271186440677966,0.7692307692307692,0.4189189189189189,0.7635878626208734,0.6099999999999999,0.3288870362651104,0.7737601829355438,0.15620360245049647,NORMAL (SAGLIKLI)
0.6440677966101696,0.6666666666666666,0.7432432432432433,0.3334444814938312,0.3433333333333332,0.8524385160483536,0.9069601257681864,0.22234499967073854,NORMAL (SAGLIKLI)
0.3220338983050848,0.9743589743589742,0.891891891891892,0.4618206068689562,0.33,0.7932471863276365,0.4982135200800342,0.22467705448446804,NORMAL (SAGLIKLI)
0.7796610169491525,0.9487179487179488,0.081081081081081,0.1360453484494831,0.8133333333333335,0.870362651104627,0.2689724167500357,0.24973733402291284,NORMAL (SAGLIKLI)
1.0,0.2564102564102564,0.1891891891891892,0.7779259753251082,0.3066666666666666,0.5010421008753647,0.2832642561097613,0.16324701158850702,NORMAL (SAGLIKLI)
0.135593220338983,0.7435897435897436,0.8783783783783784,0.9729909969989996,0.92,0.0437682367653189,0.2839788480777476,0.3420478147143631,ANOMALİ (HASTA/STRES)
0.288135593220339,0.4615384615384615,0.5135135135135135,0.0320106702234078,0.7066666666666666,0.2955398082534388,0.6921537801915105,0.09792750216124453,NORMAL (SAGLIKLI)
0.3389830508474576,0.6153846153846154,0.4594594594594595,0.1317105701900633,0.48,0.6465193830762817,0.3778762326711448,0.12297759270743691,NORMAL (SAGLIKLI)
0.2203389830508474,0.2051282051282051,0.2567567567567568,0.7619206402134044,0.0466666666666666,0.2838682784493538,0.2418179219665571,0.22124021973318336,NORMAL (SAGLIKLI)
0.7627118644067796,0.6666666666666666,0.0675675675675675,0.6505501833944647,0.8266666666666667,0.9020425177157148,0.8806631413462911,0.291502776015887,ANOMALİ (HASTA/STRES)
0.1694915254237288,0.8205128205128205,0.5810810810810811,0.2447482494164721,0.5333333333333332,0.928720300125052,0.0317278833785908,0.2559565173372395,NORMAL (SAGLIKLI)
